{"accuracy_train": 78.07777777777778, "accuracy_validation": 75.46666666666667, "loss_train": 2.733594406676518, "cost_validation": 3.1617037968991086, "epochs": 19, "_timestamp": 1678273911.9249482, "_runtime": 57.98040723800659, "_step": 19, "_wandb": {"runtime": 57}}