{"accuracy_train": 72.22407407407407, "accuracy_validation": 72.53333333333333, "loss_train": 1.171321142247308, "cost_validation": 1.139709629351952, "epochs": 9, "_timestamp": 1678643379.901369, "_runtime": 19.613579034805298, "_step": 9, "_wandb": {"runtime": 19}}