{"accuracy_train": 86.0037037037037, "accuracy_validation": 84.45, "loss_train": 0.41938835164430593, "cost_validation": 0.5530646026042616, "epochs": 14, "_timestamp": 1678423083.3622835, "_runtime": 104.74875354766846, "_step": 14, "_wandb": {"runtime": 104}}