{"accuracy_train": 40.757407407407406, "accuracy_validation": 39.56666666666667, "loss_train": 1.810725620855437, "cost_validation": 1.8254230606037538, "epochs": 9, "_timestamp": 1677870765.1026807, "_runtime": 27.084274768829346, "_step": 9, "_wandb": {"runtime": 26}}