{"accuracy_train": 77.87592592592593, "accuracy_validation": 76.56666666666668, "loss_train": 0.7224234090746303, "cost_validation": 0.7797236963564447, "epochs": 19, "_timestamp": 1678022843.8921466, "_runtime": 182.00633549690247, "_step": 19, "_wandb": {"runtime": 181}}