{"accuracy_train": 82.87777777777777, "accuracy_validation": 80.55, "loss_train": 0.47649242003978537, "cost_validation": 0.5285197346001758, "epochs": 19, "_timestamp": 1678041821.648116, "_runtime": 461.71651315689087, "_step": 19, "_wandb": {"runtime": 461}}