{"accuracy_train": 71.40925925925926, "accuracy_validation": 70.68333333333334, "loss_train": 3.9212172447715803, "cost_validation": 3.953788536277558, "epochs": 19, "_timestamp": 1677992452.699584, "_runtime": 64.62334895133972, "_step": 19, "_wandb": {"runtime": 63}}