{"accuracy_train": 10.005555555555555, "accuracy_validation": 9.950000000000001, "loss_train": NaN, "cost_validation": NaN, "epochs": 9, "_timestamp": 1677755428.8059323, "_runtime": 21.35197925567627, "_step": 9, "_wandb": {"runtime": 20}}