{"accuracy_train": 82.49814814814815, "accuracy_validation": 81.56666666666666, "loss_train": 0.547875030457143, "cost_validation": 0.5752979017009864, "epochs": 19, "_timestamp": 1678029916.7639015, "_runtime": 128.11609554290771, "_step": 19, "_wandb": {"runtime": 127}}