{"accuracy_train": 87.08148148148148, "accuracy_validation": 85.55, "loss_train": 0.3664048775074153, "cost_validation": 0.4034113002148028, "epochs": 9, "_timestamp": 1678370973.9812386, "_runtime": 1062.9690735340118, "_step": 9, "_wandb": {"runtime": 1062}}