{"accuracy_train": 9.633333333333335, "accuracy_validation": 9.816666666666666, "loss_train": 7.43131184312563, "cost_validation": 7.694349911051157, "epochs": 4, "_timestamp": 1677771745.043064, "_runtime": 24.384740114212036, "_step": 4, "_wandb": {"runtime": 23}}