{"accuracy_train": 71.09629629629629, "accuracy_validation": 69.96666666666667, "loss_train": 0.7946109818941065, "cost_validation": 0.8219531585174957, "epochs": 19, "_timestamp": 1678278758.365975, "_runtime": 208.2690508365631, "_step": 19, "_wandb": {"runtime": 207}}