{"accuracy_train": 74.25555555555555, "accuracy_validation": 74.45, "loss_train": 3.18162962962963, "cost_validation": 3.0146666666666664, "epochs": 9, "_timestamp": 1677973755.8951054, "_runtime": 34.254714250564575, "_step": 9, "_wandb": {"runtime": 33}}