{"accuracy_train": 87.7388888888889, "accuracy_validation": 82.23333333333333, "loss_train": 1.1163483073216953, "cost_validation": 2.561752343587034, "epochs": 39, "_timestamp": 1677838123.344792, "_runtime": 178.014830827713, "_step": 39, "_wandb": {"runtime": 177}}