{"accuracy_train": 98.12962962962963, "accuracy_validation": 95.89999999999999, "loss_train": 0.06551134996669994, "cost_validation": 0.1445999817563799, "epochs": 9, "_timestamp": 1678440791.7252827, "_runtime": 42.03551268577576, "_step": 9, "_wandb": {"runtime": 41}}