{"accuracy_train": 81.5962962962963, "accuracy_validation": 80.83333333333333, "loss_train": 0.5538985479201023, "cost_validation": 0.5957308920415747, "epochs": 19, "_timestamp": 1677996103.7671385, "_runtime": 87.24486947059631, "_step": 19, "_wandb": {"runtime": 86}}