{"accuracy_train": 78.58333333333334, "accuracy_validation": 77.18333333333334, "loss_train": 0.6162940842309244, "cost_validation": 0.6543809953968902, "epochs": 19, "_timestamp": 1678043410.2065177, "_runtime": 324.0798907279968, "_step": 19, "_wandb": {"runtime": 323}}