{"accuracy_train": 50.31481481481481, "accuracy_validation": 48.41666666666667, "loss_train": 1.3045442456794303, "cost_validation": 1.3299817185840328, "epochs": 9, "_timestamp": 1677830879.331003, "_runtime": 36.077746868133545, "_step": 9, "_wandb": {"runtime": 35}}