{"accuracy_train": 90.23703703703704, "accuracy_validation": 86.3, "loss_train": NaN, "cost_validation": NaN, "epochs": 39, "_timestamp": 1678110993.5488245, "_runtime": 1073.69269156456, "_step": 39, "_wandb": {"runtime": 1073}}