{"accuracy_train": 82.51296296296296, "accuracy_validation": 81.43333333333334, "loss_train": 0.8280665872269439, "cost_validation": 0.8877516940761198, "epochs": 19, "_timestamp": 1678048086.5746298, "_runtime": 194.4472188949585, "_step": 19, "_wandb": {"runtime": 194}}