{"accuracy_train": 75.36111111111111, "accuracy_validation": 73.41666666666666, "loss_train": 2.9225, "cost_validation": 3.0629999999999997, "epochs": 39, "_timestamp": 1677993457.10419, "_runtime": 93.68777322769165, "_step": 39, "_wandb": {"runtime": 93}}