{"accuracy_train": 80.02222222222221, "accuracy_validation": 78.45, "loss_train": 0.5753213366067282, "cost_validation": 0.6189890386170156, "epochs": 19, "_timestamp": 1678042956.5358663, "_runtime": 426.70666122436523, "_step": 19, "_wandb": {"runtime": 426}}