{"accuracy_train": 81.24074074074073, "accuracy_validation": 79.75, "loss_train": 0.5630940995593233, "cost_validation": 0.6119469601511821, "epochs": 39, "_timestamp": 1678280145.6071296, "_runtime": 704.1180784702301, "_step": 39, "_wandb": {"runtime": 703}}