{"accuracy_train": 81.41111111111111, "accuracy_validation": 80.43333333333334, "loss_train": 0.5175172457849132, "cost_validation": 0.5374276541752848, "epochs": 39, "_timestamp": 1677857600.9740293, "_runtime": 370.8543212413788, "_step": 39, "_wandb": {"runtime": 369}}