{"accuracy_train": 92.0, "accuracy_validation": 85.86666666666667, "loss_train": 0.2478637875728056, "cost_validation": 0.8062448504722439, "epochs": 39, "_timestamp": 1678135314.4456275, "_runtime": 680.4893484115601, "_step": 39, "_wandb": {"runtime": 680}}