{"accuracy_train": 34.67777777777778, "accuracy_validation": 33.1, "loss_train": 1.4434875469023363, "cost_validation": 1.4622897316402095, "epochs": 9, "_timestamp": 1677787434.4092815, "_runtime": 116.00145959854126, "_step": 9, "_wandb": {"runtime": 115}}