{"accuracy_train": 85.1037037037037, "accuracy_validation": 82.85, "loss_train": 0.5308652492449473, "cost_validation": 0.7325191213351936, "epochs": 9, "_timestamp": 1678352078.5218997, "_runtime": 58.796618700027466, "_step": 9, "_wandb": {"runtime": 57}}