{"accuracy_train": 11.518518518518519, "accuracy_validation": 11.35, "loss_train": 3.3784560621814954, "cost_validation": 3.3871926892079425, "epochs": 19, "_timestamp": 1677847743.8977716, "_runtime": 88.44406867027283, "_step": 19, "_wandb": {"runtime": 87}}