{"accuracy_train": 67.89814814814815, "accuracy_validation": 66.43333333333334, "loss_train": 1.7939422900997375, "cost_validation": 1.9538993333462176, "epochs": 9, "_timestamp": 1677856451.1147342, "_runtime": 54.32225823402405, "_step": 9, "_wandb": {"runtime": 53}}