{"accuracy_train": 58.5462962962963, "accuracy_validation": 57.49999999999999, "loss_train": 1.127482188507929, "cost_validation": 1.152648133097479, "epochs": 9, "_timestamp": 1678348749.618034, "_runtime": 38.802085876464844, "_step": 9, "_wandb": {"runtime": 38}}