{"accuracy_train": 88.20925925925926, "accuracy_validation": 85.78333333333333, "loss_train": 0.32299212780213093, "cost_validation": 0.38349925881593644, "epochs": 14, "_timestamp": 1678401420.3736756, "_runtime": 75.603200674057, "_step": 14, "_wandb": {"runtime": 75}}