{"accuracy_train": 11.225925925925925, "accuracy_validation": 11.333333333333332, "loss_train": 2.30810452603768, "cost_validation": 2.3095013213383613, "epochs": 19, "_timestamp": 1678551982.0695395, "_runtime": 760.6337804794312, "_step": 19, "_wandb": {"runtime": 760}}