{"accuracy_train": 57.661111111111104, "accuracy_validation": 56.71666666666667, "loss_train": 4.716574074074074, "cost_validation": 4.732833333333333, "epochs": 9, "_timestamp": 1678015333.4934516, "_runtime": 31.139254570007324, "_step": 9, "_wandb": {"runtime": 30}}