{"accuracy_train": 98.9074074074074, "accuracy_validation": 96.01666666666667, "loss_train": 0.03931130439483196, "cost_validation": 0.21060514868588964, "epochs": 19, "_timestamp": 1678434512.8286965, "_runtime": 297.13604950904846, "_step": 19, "_wandb": {"runtime": 296}}