{"accuracy_train": 85.46296296296296, "accuracy_validation": 84.5, "loss_train": 0.4017652659423442, "cost_validation": 0.437211130337109, "epochs": 19, "_timestamp": 1678020867.1655307, "_runtime": 182.98995661735535, "_step": 19, "_wandb": {"runtime": 182}}