{"accuracy_train": 10.005555555555555, "accuracy_validation": 9.950000000000001, "loss_train": NaN, "cost_validation": NaN, "epochs": 39, "_timestamp": 1677776962.041665, "_runtime": 688.0223641395569, "_step": 39, "_wandb": {"runtime": 686}}