{"accuracy_train": 57.85555555555556, "accuracy_validation": 57.78333333333333, "loss_train": 1.2487533790192382, "cost_validation": 1.2569810576727594, "epochs": 19, "_timestamp": 1678000576.2510273, "_runtime": 338.7890293598175, "_step": 19, "_wandb": {"runtime": 338}}