{"accuracy_train": 68.46666666666667, "accuracy_validation": 67.7, "loss_train": 1.0222707020965702, "cost_validation": 1.0728501730824294, "epochs": 19, "_timestamp": 1678049657.0517714, "_runtime": 768.6977744102478, "_step": 19, "_wandb": {"runtime": 768}}