{"accuracy_train": 57.34814814814815, "accuracy_validation": 56.45, "loss_train": 4.738894581280105, "cost_validation": 4.8350512315209455, "epochs": 19, "_timestamp": 1677977976.9699411, "_runtime": 33.19311714172363, "_step": 19, "_wandb": {"runtime": 32}}