{"accuracy_train": 88.97407407407407, "accuracy_validation": 86.5, "loss_train": 0.30279244899028923, "cost_validation": 0.36517609476516383, "epochs": 9, "_timestamp": 1678350584.023695, "_runtime": 47.51141810417175, "_step": 9, "_wandb": {"runtime": 46}}