{"accuracy_train": 74.55185185185185, "accuracy_validation": 73.4, "loss_train": 2.917852003549158, "cost_validation": 3.050168031942425, "epochs": 19, "_timestamp": 1678020427.500436, "_runtime": 102.27324199676514, "_step": 19, "_wandb": {"runtime": 101}}