{"accuracy_train": 87.38333333333334, "accuracy_validation": 85.55, "loss_train": 0.3476547251478659, "cost_validation": 0.39373731989060906, "epochs": 9, "_timestamp": 1678355761.3663821, "_runtime": 51.62199306488037, "_step": 9, "_wandb": {"runtime": 51}}