{"accuracy_train": 66.79074074074074, "accuracy_validation": 66.3, "loss_train": 0.881741453527001, "cost_validation": 0.9077974217742989, "epochs": 39, "_timestamp": 1677871546.8502676, "_runtime": 766.9738206863403, "_step": 39, "_wandb": {"runtime": 766}}