{"accuracy_train": 86.64259259259259, "accuracy_validation": 84.61666666666666, "loss_train": 0.36896577820451776, "cost_validation": 0.41827665074308873, "epochs": 9, "_timestamp": 1678398366.5814145, "_runtime": 51.44551944732666, "_step": 9, "_wandb": {"runtime": 50}}