{"accuracy_train": 91.65185185185184, "accuracy_validation": 87.11666666666666, "loss_train": 0.2302775336192121, "cost_validation": 0.4754171856483167, "epochs": 19, "_timestamp": 1678136852.0417604, "_runtime": 228.81348538398743, "_step": 19, "_wandb": {"runtime": 228}}