{"accuracy_train": 84.68518518518519, "accuracy_validation": 83.81666666666666, "loss_train": 0.4595256482121534, "cost_validation": 0.47712441754194307, "epochs": 39, "_timestamp": 1677845738.4091804, "_runtime": 1789.149685382843, "_step": 39, "_wandb": {"runtime": 1788}}