{"accuracy_train": 64.63148148148147, "accuracy_validation": 64.01666666666667, "loss_train": 3.5363219863949604, "cost_validation": 3.640341508933938, "epochs": 39, "_timestamp": 1678268546.4087589, "_runtime": 52.85650181770325, "_step": 39, "_wandb": {"runtime": 52}}