{"accuracy_train": 62.00740740740741, "accuracy_validation": 61.1, "loss_train": 1.1230069314573208, "cost_validation": 1.144615663551707, "epochs": 19, "_timestamp": 1677904878.1279192, "_runtime": 1301.0034401416779, "_step": 19, "_wandb": {"runtime": 1300}}