{"accuracy_train": 82.62407407407407, "accuracy_validation": 81.81666666666668, "loss_train": 0.4735768662395675, "cost_validation": 0.4979552514221593, "epochs": 9, "_timestamp": 1678357383.437713, "_runtime": 176.82982993125916, "_step": 9, "_wandb": {"runtime": 176}}