{"accuracy_train": 81.23703703703704, "accuracy_validation": 79.46666666666667, "loss_train": 0.5243306920925914, "cost_validation": 0.5502574603688709, "epochs": 39, "_timestamp": 1678016856.9642763, "_runtime": 95.27550721168518, "_step": 39, "_wandb": {"runtime": 94}}