{"accuracy_train": 55.59074074074074, "accuracy_validation": 54.91666666666667, "loss_train": 0.8818400289773942, "cost_validation": 0.8958993475490582, "epochs": 9, "_timestamp": 1678393626.2836533, "_runtime": 77.2039122581482, "_step": 9, "_wandb": {"runtime": 77}}