{"accuracy_train": 25.67037037037037, "accuracy_validation": 25.05, "loss_train": 13.264333333333333, "cost_validation": 13.445333333333332, "epochs": 9, "_timestamp": 1677995010.161333, "_runtime": 41.020896196365356, "_step": 9, "_wandb": {"runtime": 40}}