{"accuracy_train": 10.005555555555555, "accuracy_validation": 9.950000000000001, "loss_train": NaN, "cost_validation": NaN, "epochs": 39, "_timestamp": 1677764688.2813792, "_runtime": 33.33775520324707, "_step": 39, "_wandb": {"runtime": 32}}