{"accuracy_train": 84.22222222222221, "accuracy_validation": 82.48333333333333, "loss_train": 0.472516399862122, "cost_validation": 0.5122388545072002, "epochs": 9, "_timestamp": 1678100712.8776824, "_runtime": 309.54752254486084, "_step": 9, "_wandb": {"runtime": 309}}