{"accuracy_train": 80.91851851851852, "accuracy_validation": 80.2, "loss_train": 2.383142425936977, "cost_validation": 2.5039485000994626, "epochs": 39, "_timestamp": 1678000760.2975132, "_runtime": 96.46445035934448, "_step": 39, "_wandb": {"runtime": 96}}