{"accuracy_train": 62.53148148148148, "accuracy_validation": 61.85000000000001, "loss_train": 0.935476204069135, "cost_validation": 0.9428853565545783, "epochs": 9, "_timestamp": 1677760801.0004675, "_runtime": 4236.343991518021, "_step": 9, "_wandb": {"runtime": 4235}}