{"accuracy_train": 69.8537037037037, "accuracy_validation": 69.45, "loss_train": 0.8522301094490146, "cost_validation": 0.8724513709694571, "epochs": 9, "_timestamp": 1678352247.440297, "_runtime": 25.228471994400024, "_step": 9, "_wandb": {"runtime": 24}}