{"accuracy_train": 87.90740740740742, "accuracy_validation": 85.28333333333333, "loss_train": 0.4690272074085899, "cost_validation": 0.655418803272295, "epochs": 19, "_timestamp": 1678349937.882707, "_runtime": 92.97999620437622, "_step": 19, "_wandb": {"runtime": 92}}