{"accuracy_train": 79.13518518518518, "accuracy_validation": 76.96666666666667, "loss_train": 0.7659397293627603, "cost_validation": 0.8492894971662315, "epochs": 19, "_timestamp": 1678350857.3711581, "_runtime": 223.86544108390808, "_step": 19, "_wandb": {"runtime": 223}}