{"accuracy_train": 85.10555555555555, "accuracy_validation": 83.65, "loss_train": 0.41451711180802997, "cost_validation": 0.4496147167579322, "epochs": 39, "_timestamp": 1677847481.57962, "_runtime": 75.65191698074341, "_step": 39, "_wandb": {"runtime": 74}}