{"accuracy_train": 75.05185185185185, "accuracy_validation": 74.48333333333333, "loss_train": 0.6912229481751686, "cost_validation": 0.7064108750295707, "epochs": 19, "_timestamp": 1677770755.3368037, "_runtime": 609.0543336868286, "_step": 19, "_wandb": {"runtime": 608}}