{"accuracy_train": 76.23333333333333, "accuracy_validation": 74.11666666666666, "loss_train": 0.9751337149569815, "cost_validation": 1.0529050079548874, "epochs": 9, "_timestamp": 1678348700.4194844, "_runtime": 96.75888538360596, "_step": 9, "_wandb": {"runtime": 96}}