{"accuracy_train": 77.3037037037037, "accuracy_validation": 76.21666666666667, "loss_train": 0.8859108658444425, "cost_validation": 0.9873300837188751, "epochs": 9, "_timestamp": 1678276571.329448, "_runtime": 19.225615978240967, "_step": 9, "_wandb": {"runtime": 18}}