{"accuracy_train": 77.39259259259259, "accuracy_validation": 75.96666666666667, "loss_train": 0.7152094553457518, "cost_validation": 0.7480206931928243, "epochs": 9, "_timestamp": 1678043071.657671, "_runtime": 81.92536687850952, "_step": 9, "_wandb": {"runtime": 81}}