{"accuracy_train": 80.5037037037037, "accuracy_validation": 79.51666666666667, "loss_train": 0.5290248972994059, "cost_validation": 0.5617097656717298, "epochs": 19, "_timestamp": 1678403997.6497557, "_runtime": 363.06161975860596, "_step": 19, "_wandb": {"runtime": 361}}