{"accuracy_train": 77.13148148148147, "accuracy_validation": 76.64999999999999, "loss_train": 0.6445586879522927, "cost_validation": 0.6626834816827651, "epochs": 19, "_timestamp": 1678892774.3017812, "_runtime": 70.25641918182373, "_step": 19, "_wandb": {"runtime": 80}}