{"accuracy_train": 75.71111111111111, "accuracy_validation": 73.88333333333334, "loss_train": 0.6768757060596329, "cost_validation": 0.7184929464129642, "epochs": 9, "_timestamp": 1677828251.8221412, "_runtime": 80.88952922821045, "_step": 9, "_wandb": {"runtime": 80}}