{"accuracy_train": 83.83148148148149, "accuracy_validation": 82.3, "loss_train": 0.5230353042788362, "cost_validation": 0.5724129412154046, "epochs": 19, "_timestamp": 1678350308.5033855, "_runtime": 116.87241458892822, "_step": 19, "_wandb": {"runtime": 116}}