{"accuracy_train": 91.0537037037037, "accuracy_validation": 86.86666666666667, "loss_train": 0.25893574719944457, "cost_validation": 0.6102570771557392, "epochs": 39, "_timestamp": 1678134237.2658145, "_runtime": 282.02391242980957, "_step": 39, "_wandb": {"runtime": 281}}