{"accuracy_train": 89.01666666666667, "accuracy_validation": 85.98333333333333, "loss_train": 0.29673304106845105, "cost_validation": 0.38500180569002035, "epochs": 19, "_timestamp": 1678426735.256709, "_runtime": 137.8197340965271, "_step": 19, "_wandb": {"runtime": 137}}