{"accuracy_train": 89.25, "accuracy_validation": 85.31666666666666, "loss_train": 0.3039721448984021, "cost_validation": 0.5035872743840124, "epochs": 19, "_timestamp": 1677873510.3483555, "_runtime": 107.53031945228577, "_step": 19, "_wandb": {"runtime": 106}}