{"accuracy_train": 53.579629629629636, "accuracy_validation": 53.349999999999994, "loss_train": 5.124037037037037, "cost_validation": 5.1209999999999996, "epochs": 9, "_timestamp": 1677976893.4191, "_runtime": 37.49227809906006, "_step": 9, "_wandb": {"runtime": 36}}