{"accuracy_train": 86.35000000000001, "accuracy_validation": 84.18333333333334, "loss_train": 0.42629688163483587, "cost_validation": 0.6124208737068316, "epochs": 14, "_timestamp": 1678399101.493061, "_runtime": 237.9587631225586, "_step": 14, "_wandb": {"runtime": 237}}