{"accuracy_train": 83.51111111111112, "accuracy_validation": 82.71666666666667, "loss_train": 2.1324823123115797, "cost_validation": 2.20567414413755, "epochs": 9, "_timestamp": 1677977923.8516262, "_runtime": 43.879921197891235, "_step": 9, "_wandb": {"runtime": 43}}