{"accuracy_train": 85.53518518518518, "accuracy_validation": 84.38333333333333, "loss_train": 0.3960738515025105, "cost_validation": 0.4297051405923143, "epochs": 9, "_timestamp": 1678358575.9163122, "_runtime": 37.709975242614746, "_step": 9, "_wandb": {"runtime": 37}}