{"accuracy_train": 83.35740740740741, "accuracy_validation": 82.06666666666666, "loss_train": 0.5508308389626183, "cost_validation": 0.5967195361093661, "epochs": 19, "_timestamp": 1678028433.6424155, "_runtime": 232.38756656646729, "_step": 19, "_wandb": {"runtime": 232}}