{"accuracy_train": 81.0074074074074, "accuracy_validation": 80.15, "loss_train": 0.6301551686517352, "cost_validation": 0.6631234555938657, "epochs": 9, "_timestamp": 1678105490.1635218, "_runtime": 145.58961272239685, "_step": 9, "_wandb": {"runtime": 146}}