{"accuracy_train": 41.72962962962963, "accuracy_validation": 40.483333333333334, "loss_train": 1.3123906782880677, "cost_validation": 1.3291888751736003, "epochs": 9, "_timestamp": 1677833328.1892972, "_runtime": 283.6321461200714, "_step": 9, "_wandb": {"runtime": 282}}