{"accuracy_train": 98.1962962962963, "accuracy_validation": 97.11666666666666, "loss_train": 0.059949140329110744, "cost_validation": 0.09067357600490562, "epochs": 19, "_timestamp": 1678628946.3862789, "_runtime": 193.6774559020996, "_step": 19, "_wandb": {"runtime": 193}}