{"accuracy_train": 77.06851851851852, "accuracy_validation": 76.9, "loss_train": 0.6403504407496099, "cost_validation": 0.6473635865758935, "epochs": 39, "_timestamp": 1678280283.5310163, "_runtime": 43.48422026634216, "_step": 39, "_wandb": {"runtime": 42}}