{"accuracy_train": 29.083333333333332, "accuracy_validation": 28.733333333333334, "loss_train": 6.598400366079101, "cost_validation": 7.064769961378574, "epochs": 39, "_timestamp": 1677996962.475625, "_runtime": 85.91999411582947, "_step": 39, "_wandb": {"runtime": 84}}