{"accuracy_train": 11.112962962962964, "accuracy_validation": 11.233333333333333, "loss_train": 14.912648148148149, "cost_validation": 14.665, "epochs": 19, "_timestamp": 1677995799.4996228, "_runtime": 42.48136377334595, "_step": 19, "_wandb": {"runtime": 42}}