{"accuracy_train": 33.77037037037037, "accuracy_validation": 32.33333333333333, "loss_train": 1.919936095261088, "cost_validation": 1.941511548324281, "epochs": 9, "_timestamp": 1677764115.6563141, "_runtime": 38.10544419288635, "_step": 9, "_wandb": {"runtime": 37}}