{"accuracy_train": 47.668518518518525, "accuracy_validation": 47.05, "loss_train": 1.356746180587973, "cost_validation": 1.368301457480469, "epochs": 19, "_timestamp": 1678266901.9366894, "_runtime": 64.71000742912292, "_step": 19, "_wandb": {"runtime": 64}}