{"accuracy_train": 52.140740740740746, "accuracy_validation": 51.26666666666667, "loss_train": 1.2070600818340047, "cost_validation": 1.2151815749985029, "epochs": 39, "_timestamp": 1678268340.9680934, "_runtime": 219.96912550926208, "_step": 39, "_wandb": {"runtime": 219}}