{"accuracy_train": 87.38148148148149, "accuracy_validation": 85.36666666666667, "loss_train": 0.3890363734712168, "cost_validation": 0.5261259785774188, "epochs": 19, "_timestamp": 1678352652.6802897, "_runtime": 188.56729674339294, "_step": 19, "_wandb": {"runtime": 187}}