{"accuracy_train": 85.01851851851852, "accuracy_validation": 83.66666666666667, "loss_train": 0.4140179119449438, "cost_validation": 0.45056286292786896, "epochs": 19, "_timestamp": 1678035960.9616861, "_runtime": 304.32537603378296, "_step": 19, "_wandb": {"runtime": 303}}