{"accuracy_train": 90.68518518518518, "accuracy_validation": 86.43333333333332, "loss_train": 0.26843575043031054, "cost_validation": 0.6004098505074841, "epochs": 39, "_timestamp": 1678392773.4943576, "_runtime": 345.7980155944824, "_step": 39, "_wandb": {"runtime": 345}}