{"accuracy_train": 84.56296296296296, "accuracy_validation": 83.06666666666666, "loss_train": 0.48976780279691856, "cost_validation": 0.5453290233109013, "epochs": 19, "_timestamp": 1678356566.9522767, "_runtime": 195.7130467891693, "_step": 19, "_wandb": {"runtime": 195}}