{"accuracy_train": 88.82777777777778, "accuracy_validation": 85.9, "loss_train": 0.30158902644696683, "cost_validation": 0.38645854924492423, "epochs": 19, "_timestamp": 1678426585.857087, "_runtime": 100.93568301200867, "_step": 19, "_wandb": {"runtime": 100}}