{"accuracy_train": 86.79074074074074, "accuracy_validation": 84.45, "loss_train": 0.3574746778778499, "cost_validation": 0.4412264449835291, "epochs": 19, "_timestamp": 1678107279.8585556, "_runtime": 189.49019861221313, "_step": 19, "_wandb": {"runtime": 189}}