{"accuracy_train": 86.01851851851852, "accuracy_validation": 83.91666666666666, "loss_train": 0.4156825984346632, "cost_validation": 0.48183235455061646, "epochs": 19, "_timestamp": 1678347197.9662588, "_runtime": 153.98225665092468, "_step": 19, "_wandb": {"runtime": 153}}