{"accuracy_train": 80.13703703703705, "accuracy_validation": 78.68333333333334, "loss_train": 0.5739301714643611, "cost_validation": 0.6137088553176825, "epochs": 9, "_timestamp": 1677819067.052135, "_runtime": 55.54464888572693, "_step": 9, "_wandb": {"runtime": 52}}