{"accuracy_train": 76.03888888888889, "accuracy_validation": 74.31666666666666, "loss_train": 2.9377222222222223, "cost_validation": 3.169, "epochs": 39, "_timestamp": 1677972157.7649934, "_runtime": 57.6204354763031, "_step": 39, "_wandb": {"runtime": 57}}