{"accuracy_train": 54.80925925925926, "accuracy_validation": 53.016666666666666, "loss_train": 1.196841879795509, "cost_validation": 1.2355616973721335, "epochs": 19, "_timestamp": 1678050156.8640409, "_runtime": 116.15038275718689, "_step": 19, "_wandb": {"runtime": 115}}