{"accuracy_train": 86.31666666666666, "accuracy_validation": 83.51666666666667, "loss_train": 0.4628191367815829, "cost_validation": 0.5946605651887622, "epochs": 9, "_timestamp": 1678351346.7688322, "_runtime": 34.28137731552124, "_step": 9, "_wandb": {"runtime": 32}}