{"accuracy_train": 85.87222222222223, "accuracy_validation": 83.61666666666666, "loss_train": 0.40274294306105524, "cost_validation": 0.5475145548024302, "epochs": 14, "_timestamp": 1678422738.9830995, "_runtime": 15382.937814474106, "_step": 14, "_wandb": {"runtime": 15383}}