{"accuracy_train": 40.81296296296296, "accuracy_validation": 39.96666666666667, "loss_train": 1.7602927835708375, "cost_validation": 1.766225173335686, "epochs": 9, "_timestamp": 1678266209.8436701, "_runtime": 28.295152187347412, "_step": 9, "_wandb": {"runtime": 27}}