{"accuracy_train": 89.62592592592593, "accuracy_validation": 87.08333333333333, "loss_train": 0.2930112795752138, "cost_validation": 0.44784764449862446, "epochs": 14, "_timestamp": 1678393908.073027, "_runtime": 109.3244698047638, "_step": 14, "_wandb": {"runtime": 108}}