{"accuracy_train": 87.42037037037036, "accuracy_validation": 85.01666666666667, "loss_train": 0.5107829452885579, "cost_validation": 0.7171199684529691, "epochs": 9, "_timestamp": 1678349089.4944737, "_runtime": 84.04288458824158, "_step": 9, "_wandb": {"runtime": 83}}