{"accuracy_train": 89.95185185185186, "accuracy_validation": 87.35000000000001, "loss_train": 0.2750374307579471, "cost_validation": 0.3948894070952221, "epochs": 19, "_timestamp": 1678175940.4789684, "_runtime": 133.84843349456787, "_step": 19, "_wandb": {"runtime": 133}}