{"accuracy_train": 86.08703703703704, "accuracy_validation": 85.2, "loss_train": 0.38880330212348485, "cost_validation": 0.5096782552966276, "epochs": 9, "_timestamp": 1678815288.9818094, "_runtime": 77.00971031188965, "_step": 9, "_wandb": {"runtime": 76}}