{"accuracy_train": 90.10925925925926, "accuracy_validation": 87.25, "loss_train": 0.27819804950355104, "cost_validation": 0.4702138391845886, "epochs": 19, "_timestamp": 1678106291.665504, "_runtime": 250.8835129737854, "_step": 19, "_wandb": {"runtime": 250}}