{"accuracy_train": 71.79814814814814, "accuracy_validation": 70.98333333333333, "loss_train": 0.7581130698304582, "cost_validation": 0.7812283835376032, "epochs": 9, "_timestamp": 1677819945.251424, "_runtime": 50.43782114982605, "_step": 9, "_wandb": {"runtime": 49}}