{"accuracy_train": 85.65925925925926, "accuracy_validation": 83.89999999999999, "loss_train": 0.396297951481529, "cost_validation": 0.4931486971990309, "epochs": 9, "_timestamp": 1678406196.7617717, "_runtime": 43.416085720062256, "_step": 9, "_wandb": {"runtime": 43}}