{"accuracy_train": 77.60000000000001, "accuracy_validation": 76.41666666666667, "loss_train": 2.6735344730300628, "cost_validation": 2.721310257270565, "epochs": 39, "_timestamp": 1677980542.7907696, "_runtime": 69.58194851875305, "_step": 39, "_wandb": {"runtime": 69}}