{"accuracy_train": 82.37592592592593, "accuracy_validation": 81.28333333333333, "loss_train": 0.5980109002180499, "cost_validation": 0.639610170461283, "epochs": 9, "_timestamp": 1678026258.1664398, "_runtime": 123.63255786895752, "_step": 9, "_wandb": {"runtime": 123}}