{"accuracy_train": 84.20370370370371, "accuracy_validation": 83.93333333333334, "loss_train": 0.43510353485028463, "cost_validation": 0.44107120716347353, "epochs": 19, "_timestamp": 1678275112.9900188, "_runtime": 39.01600980758667, "_step": 19, "_wandb": {"runtime": 38}}