{"accuracy_train": 46.11666666666667, "accuracy_validation": 45.300000000000004, "loss_train": 1.2572882514169208, "cost_validation": 1.2660620973115229, "epochs": 9, "_timestamp": 1678281994.6774495, "_runtime": 24.824042558670044, "_step": 9, "_wandb": {"runtime": 24}}