{"accuracy_train": 55.92777777777778, "accuracy_validation": 55.95, "loss_train": 6.866691747304049, "cost_validation": 6.906686010883281, "epochs": 9, "_timestamp": 1678281502.250782, "_runtime": 27.496000051498413, "_step": 9, "_wandb": {"runtime": 26}}