{"accuracy_train": 34.35925925925926, "accuracy_validation": 33.68333333333333, "loss_train": 1.7103132233838478, "cost_validation": 1.7305443307727464, "epochs": 9, "_timestamp": 1677819528.6412494, "_runtime": 364.8923645019531, "_step": 9, "_wandb": {"runtime": 363}}