{"accuracy_train": 86.37222222222222, "accuracy_validation": 84.38333333333333, "loss_train": 0.40837019336366254, "cost_validation": 0.48631712129527577, "epochs": 19, "_timestamp": 1678341599.719881, "_runtime": 55.41275596618652, "_step": 19, "_wandb": {"runtime": 54}}