{"accuracy_train": 90.10925925925926, "accuracy_validation": 87.25, "loss_train": 0.27807776832152004, "cost_validation": 0.46736728711286935, "epochs": 19, "_timestamp": 1678356235.8724084, "_runtime": 148.44739842414856, "_step": 19, "_wandb": {"runtime": 147}}