{"accuracy_train": 89.93333333333334, "accuracy_validation": 86.71666666666667, "loss_train": 0.2862499980774692, "cost_validation": 0.47418889001746894, "epochs": 19, "_timestamp": 1678386955.906048, "_runtime": 170.1193549633026, "_step": 19, "_wandb": {"runtime": 169}}