{"accuracy_train": 61.00555555555556, "accuracy_validation": 59.93333333333334, "loss_train": 0.8868853781028773, "cost_validation": 0.8865847439477954, "epochs": 9, "_timestamp": 1678267869.3331888, "_runtime": 20.217907667160034, "_step": 9, "_wandb": {"runtime": 19}}