{"accuracy_train": 79.02777777777777, "accuracy_validation": 77.68333333333334, "loss_train": 0.6637802425762843, "cost_validation": 0.671720699376238, "epochs": 19, "_timestamp": 1678264947.2220006, "_runtime": 427.62295365333557, "_step": 19, "_wandb": {"runtime": 427}}