{"accuracy_train": 48.977777777777774, "accuracy_validation": 48.333333333333336, "loss_train": 6.270981481481481, "cost_validation": 6.319, "epochs": 39, "_timestamp": 1678018030.8567257, "_runtime": 73.4068717956543, "_step": 39, "_wandb": {"runtime": 73}}