{"accuracy_train": 83.3962962962963, "accuracy_validation": 82.43333333333334, "loss_train": 1.0413350109442852, "cost_validation": 1.1150163608006447, "epochs": 19, "_timestamp": 1678042498.2261868, "_runtime": 416.28271865844727, "_step": 19, "_wandb": {"runtime": 415}}