{"accuracy_train": 83.83148148148149, "accuracy_validation": 82.3, "loss_train": 0.5230353042788362, "cost_validation": 0.5724129412154046, "epochs": 19, "_timestamp": 1678354872.977064, "_runtime": 119.3716778755188, "_step": 19, "_wandb": {"runtime": 118}}