{"accuracy_train": 85.02222222222223, "accuracy_validation": 83.18333333333334, "loss_train": 0.4147095908730465, "cost_validation": 0.4898374414018584, "epochs": 19, "_timestamp": 1678025529.7810743, "_runtime": 153.64512538909912, "_step": 19, "_wandb": {"runtime": 153}}