{"accuracy_train": 85.59629629629629, "accuracy_validation": 84.35000000000001, "loss_train": 0.4036380982976362, "cost_validation": 0.4328408761344506, "epochs": 9, "_timestamp": 1678014162.4518318, "_runtime": 34.24571490287781, "_step": 9, "_wandb": {"runtime": 33}}