{"accuracy_train": 85.70370370370371, "accuracy_validation": 84.06666666666666, "loss_train": 0.4017000508051784, "cost_validation": 0.4351013074185457, "epochs": 9, "_timestamp": 1678095004.4873362, "_runtime": 2019.8300292491913, "_step": 9, "_wandb": {"runtime": 2019}}