{"accuracy_train": 87.90555555555557, "accuracy_validation": 86.11666666666666, "loss_train": 0.33979677571896216, "cost_validation": 0.3835850188802048, "epochs": 19, "_timestamp": 1678047858.669531, "_runtime": 766.8891181945801, "_step": 19, "_wandb": {"runtime": 766}}