{"accuracy_train": 38.757407407407406, "accuracy_validation": 39.1, "loss_train": 5.418437762849115, "cost_validation": 5.3888941650680104, "epochs": 4, "_timestamp": 1677749426.264829, "_runtime": 40.175771951675415, "_step": 4, "_wandb": {"runtime": 39}}