{"accuracy_train": 86.31481481481481, "accuracy_validation": 84.35000000000001, "loss_train": 0.38394161829646806, "cost_validation": 0.5133156713575602, "epochs": 14, "_timestamp": 1678422827.198082, "_runtime": 66.9654049873352, "_step": 14, "_wandb": {"runtime": 66}}