{"accuracy_train": 82.98518518518519, "accuracy_validation": 81.41666666666667, "loss_train": 0.6027887616180533, "cost_validation": 0.7126885439457676, "epochs": 19, "_timestamp": 1678050771.0603337, "_runtime": 146.58916568756104, "_step": 19, "_wandb": {"runtime": 146}}