{"accuracy_train": 83.7611111111111, "accuracy_validation": 82.3, "loss_train": 0.5154306657218682, "cost_validation": 0.5751319724643792, "epochs": 19, "_timestamp": 1678028939.6746898, "_runtime": 130.6552538871765, "_step": 19, "_wandb": {"runtime": 130}}