{"accuracy_train": 69.92777777777778, "accuracy_validation": 69.56666666666666, "loss_train": 0.833264668609319, "cost_validation": 0.8387779035959982, "epochs": 9, "_timestamp": 1678273591.5008762, "_runtime": 18.516624212265015, "_step": 9, "_wandb": {"runtime": 18}}