{"accuracy_train": 21.57777777777778, "accuracy_validation": 20.95, "loss_train": 2.8844954400907974, "cost_validation": 2.8942961321231704, "epochs": 9, "_timestamp": 1677817875.0437307, "_runtime": 46.212810754776, "_step": 9, "_wandb": {"runtime": 45}}