{"accuracy_train": 48.07222222222222, "accuracy_validation": 47.66666666666667, "loss_train": 6.026910427703132, "cost_validation": 6.032360515994853, "epochs": 19, "_timestamp": 1677995743.9263153, "_runtime": 36.723674297332764, "_step": 19, "_wandb": {"runtime": 36}}