{"accuracy_train": 58.40925925925926, "accuracy_validation": 57.18333333333333, "loss_train": 0.9633732948765007, "cost_validation": 0.9947012159026829, "epochs": 19, "_timestamp": 1678028787.5252306, "_runtime": 68.23424172401428, "_step": 19, "_wandb": {"runtime": 67}}