{"accuracy_train": 80.59074074074074, "accuracy_validation": 78.18333333333334, "loss_train": 0.5286763136376568, "cost_validation": 0.6017378583504276, "epochs": 39, "_timestamp": 1677839829.162159, "_runtime": 1386.880846977234, "_step": 39, "_wandb": {"runtime": 1386}}