{"accuracy_train": 85.53703703703704, "accuracy_validation": 84.08333333333333, "loss_train": 0.4130385503871077, "cost_validation": 0.4893443507141985, "epochs": 9, "_timestamp": 1678356765.0768044, "_runtime": 42.99837136268616, "_step": 9, "_wandb": {"runtime": 42}}