{"accuracy_train": 87.88333333333334, "accuracy_validation": 84.88333333333333, "loss_train": 0.46638025703042496, "cost_validation": 0.7025351539169651, "epochs": 19, "_timestamp": 1678374142.5179484, "_runtime": 691.7254323959351, "_step": 19, "_wandb": {"runtime": 690}}