{"accuracy_train": 75.44814814814815, "accuracy_validation": 74.15, "loss_train": 0.6902789687132042, "cost_validation": 0.7284758752670236, "epochs": 19, "_timestamp": 1678355007.648676, "_runtime": 55.219817876815796, "_step": 19, "_wandb": {"runtime": 54}}