{"accuracy_train": 80.38333333333333, "accuracy_validation": 79.41666666666667, "loss_train": 0.5538739916982093, "cost_validation": 0.5805369984714819, "epochs": 14, "_timestamp": 1678401312.2279618, "_runtime": 536.6526598930359, "_step": 14, "_wandb": {"runtime": 536}}