{"accuracy_train": 73.99814814814815, "accuracy_validation": 73.43333333333332, "loss_train": 2.361060964451776, "cost_validation": 2.38900653767497, "epochs": 9, "_timestamp": 1678015558.6258755, "_runtime": 41.970176458358765, "_step": 9, "_wandb": {"runtime": 41}}