{"accuracy_train": 83.16296296296296, "accuracy_validation": 82.76666666666667, "loss_train": 0.46051060747332917, "cost_validation": 0.4803307688897519, "epochs": 19, "_timestamp": 1678425591.7257156, "_runtime": 175.72199273109436, "_step": 19, "_wandb": {"runtime": 175}}