{"accuracy_train": 30.479629629629628, "accuracy_validation": 29.433333333333334, "loss_train": 11.540907407407408, "cost_validation": 11.748166666666666, "epochs": 9, "_timestamp": 1677995402.2073476, "_runtime": 58.03180170059204, "_step": 9, "_wandb": {"runtime": 57}}