{"accuracy_train": 82.39074074074074, "accuracy_validation": 80.5, "loss_train": 0.515329330988183, "cost_validation": 0.6310007058788057, "epochs": 19, "_timestamp": 1677860116.452225, "_runtime": 69.76109385490417, "_step": 19, "_wandb": {"runtime": 69}}