{"accuracy_train": 69.51296296296296, "accuracy_validation": 69.0, "loss_train": 0.8599977230962487, "cost_validation": 0.8797488113587706, "epochs": 9, "_timestamp": 1678352336.282242, "_runtime": 23.62089514732361, "_step": 9, "_wandb": {"runtime": 22}}