{"accuracy_train": 88.90740740740742, "accuracy_validation": 86.75, "loss_train": 0.31474516943805, "cost_validation": 0.43286492513646363, "epochs": 9, "_timestamp": 1678393426.175428, "_runtime": 79.14470791816711, "_step": 9, "_wandb": {"runtime": 78}}