{"accuracy_train": 79.0925925925926, "accuracy_validation": 77.83333333333333, "loss_train": 0.5939984653758682, "cost_validation": 0.635321101271879, "epochs": 19, "_timestamp": 1678040146.3961256, "_runtime": 1559.7555725574493, "_step": 19, "_wandb": {"runtime": 1559}}