{"accuracy_train": 84.93333333333334, "accuracy_validation": 84.41666666666666, "loss_train": 0.4602200809949886, "cost_validation": 0.4657367482698768, "epochs": 19, "_timestamp": 1678272275.357095, "_runtime": 274.43119406700134, "_step": 19, "_wandb": {"runtime": 273}}