{"accuracy_train": 87.83518518518518, "accuracy_validation": 85.71666666666667, "loss_train": 0.32586767784158915, "cost_validation": 0.39915403560441576, "epochs": 19, "_timestamp": 1678341018.2131264, "_runtime": 266.26429438591003, "_step": 19, "_wandb": {"runtime": 265}}