{"accuracy_train": 75.87962962962963, "accuracy_validation": 75.56666666666668, "loss_train": 0.8334282747058166, "cost_validation": 0.850336265424252, "epochs": 19, "_timestamp": 1677836554.6228933, "_runtime": 55.73106527328491, "_step": 19, "_wandb": {"runtime": 54}}