{"accuracy_train": 87.10185185185185, "accuracy_validation": 84.88333333333333, "loss_train": 0.36280910674616285, "cost_validation": 0.43251711155555866, "epochs": 19, "_timestamp": 1678104079.3106668, "_runtime": 732.4098138809204, "_step": 19, "_wandb": {"runtime": 732}}