{"accuracy_train": 31.85925925925926, "accuracy_validation": 30.983333333333334, "loss_train": 1.6590346781889664, "cost_validation": 1.7429344463556171, "epochs": 19, "_timestamp": 1678281705.7795863, "_runtime": 130.9397623538971, "_step": 19, "_wandb": {"runtime": 130}}