{"accuracy_train": 88.21296296296296, "accuracy_validation": 85.98333333333333, "loss_train": 0.3231249791527743, "cost_validation": 0.38296082938434406, "epochs": 14, "_timestamp": 1678424148.525291, "_runtime": 51.09205889701843, "_step": 14, "_wandb": {"runtime": 50}}