{"accuracy_train": 34.912962962962965, "accuracy_validation": 34.5, "loss_train": 8.454296296296295, "cost_validation": 8.491999999999999, "epochs": 19, "_timestamp": 1677997574.372738, "_runtime": 47.907012939453125, "_step": 19, "_wandb": {"runtime": 47}}