{"accuracy_train": 78.42777777777778, "accuracy_validation": 76.78333333333333, "loss_train": 0.5833304441436483, "cost_validation": 0.6107657878804126, "epochs": 9, "_timestamp": 1678342955.1106184, "_runtime": 291.90113735198975, "_step": 9, "_wandb": {"runtime": 291}}