{"accuracy_train": 58.34814814814815, "accuracy_validation": 56.75, "loss_train": 0.9954760856840015, "cost_validation": 1.0273888015337074, "epochs": 19, "_timestamp": 1678001607.1392105, "_runtime": 79.4937334060669, "_step": 19, "_wandb": {"runtime": 79}}