{"accuracy_train": 76.04444444444445, "accuracy_validation": 74.76666666666667, "loss_train": 0.6796878685886186, "cost_validation": 0.6954623920211799, "epochs": 9, "_timestamp": 1678282235.2104244, "_runtime": 56.0094895362854, "_step": 9, "_wandb": {"runtime": 55}}