{"accuracy_train": 85.14444444444445, "accuracy_validation": 83.01666666666667, "loss_train": 0.45661972165811104, "cost_validation": 0.5911276428140034, "epochs": 9, "_timestamp": 1678395963.6788454, "_runtime": 185.668226480484, "_step": 9, "_wandb": {"runtime": 185}}