{"accuracy_train": 88.29629629629629, "accuracy_validation": 85.95, "loss_train": 0.31826774579970724, "cost_validation": 0.3829278298308732, "epochs": 9, "_timestamp": 1678407342.7903454, "_runtime": 47.06845450401306, "_step": 9, "_wandb": {"runtime": 46}}