{"accuracy_train": 82.29444444444445, "accuracy_validation": 81.0, "loss_train": 0.5101108040882315, "cost_validation": 0.5457098205756161, "epochs": 39, "_timestamp": 1678273535.0542674, "_runtime": 689.7270724773407, "_step": 39, "_wandb": {"runtime": 689}}