{"accuracy_train": 79.45555555555556, "accuracy_validation": 78.55, "loss_train": 0.565536696651369, "cost_validation": 0.5970266641774515, "epochs": 19, "_timestamp": 1678404697.8519974, "_runtime": 668.8767993450165, "_step": 19, "_wandb": {"runtime": 668}}