{"accuracy_train": 68.09814814814816, "accuracy_validation": 67.13333333333334, "loss_train": 4.03548628664157, "cost_validation": 4.225053677211746, "epochs": 19, "_timestamp": 1678271186.7720942, "_runtime": 59.90179920196533, "_step": 19, "_wandb": {"runtime": 59}}