{"accuracy_train": 22.987037037037037, "accuracy_validation": 23.216666666666665, "loss_train": 11.03087874076049, "cost_validation": 11.088075333511071, "epochs": 19, "_timestamp": 1677972214.9812474, "_runtime": 45.266478538513184, "_step": 19, "_wandb": {"runtime": 44}}