{"accuracy_train": 28.142592592592592, "accuracy_validation": 26.93333333333333, "loss_train": 1.5971182112283873, "cost_validation": 1.5952059804039247, "epochs": 9, "_timestamp": 1677822090.5721278, "_runtime": 103.93310785293579, "_step": 9, "_wandb": {"runtime": 103}}