{"accuracy_train": 72.28703703703704, "accuracy_validation": 72.06666666666666, "loss_train": 0.7468263283336116, "cost_validation": 0.7540621266663212, "epochs": 9, "_timestamp": 1678281914.6829472, "_runtime": 23.78438425064087, "_step": 9, "_wandb": {"runtime": 23}}