{"accuracy_train": 9.987037037037037, "accuracy_validation": 9.266666666666666, "loss_train": 2.316566055673167, "cost_validation": 2.3189406634075813, "epochs": 0, "_timestamp": 1678552071.5017214, "_runtime": 56.111706495285034, "_step": 0, "_wandb": {"runtime": 79}}