{"accuracy_train": 85.54074074074074, "accuracy_validation": 83.89999999999999, "loss_train": 0.43334308502478314, "cost_validation": 0.4918778366412278, "epochs": 19, "_timestamp": 1678382299.4070778, "_runtime": 233.08515167236328, "_step": 19, "_wandb": {"runtime": 232}}