{"accuracy_train": 11.225925925925925, "accuracy_validation": 11.333333333333332, "loss_train": 2.307874501975222, "cost_validation": 2.309243438772153, "epochs": 9, "_timestamp": 1678548873.1028345, "_runtime": 303.10933351516724, "_step": 9, "_wandb": {"runtime": 302}}