{"accuracy_train": 87.38333333333334, "accuracy_validation": 84.33333333333334, "loss_train": 0.4731417575953994, "cost_validation": 0.6888874778892686, "epochs": 9, "_timestamp": 1678353090.159835, "_runtime": 54.0928750038147, "_step": 9, "_wandb": {"runtime": 53}}