{"accuracy_train": 88.19074074074074, "accuracy_validation": 86.3, "loss_train": 0.3351458826442533, "cost_validation": 0.43018687348976997, "epochs": 7, "_timestamp": 1678393200.0869315, "_runtime": 83.47473454475403, "_step": 7, "_wandb": {"runtime": 86}}