{"accuracy_train": 58.55370370370371, "accuracy_validation": 57.41666666666667, "loss_train": 0.9881375016777296, "cost_validation": 1.021016856242004, "epochs": 9, "_timestamp": 1678027835.6852574, "_runtime": 63.20285439491272, "_step": 9, "_wandb": {"runtime": 62}}