{"accuracy_train": 86.02592592592593, "accuracy_validation": 83.6, "loss_train": 0.39555402497350967, "cost_validation": 0.5696869461950691, "epochs": 19, "_timestamp": 1678424474.6775255, "_runtime": 97.14749455451965, "_step": 19, "_wandb": {"runtime": 96}}