{"accuracy_train": 54.28333333333333, "accuracy_validation": 54.06666666666666, "loss_train": 1.1753725048376116, "cost_validation": 1.198467515127886, "epochs": 9, "_timestamp": 1678262289.1375644, "_runtime": 56.25453233718872, "_step": 9, "_wandb": {"runtime": 55}}