{"accuracy_train": 86.16111111111111, "accuracy_validation": 84.5, "loss_train": 0.3990624991229745, "cost_validation": 0.4417403374821473, "epochs": 9, "_timestamp": 1678372807.6463506, "_runtime": 330.4048225879669, "_step": 9, "_wandb": {"runtime": 329}}