{"accuracy_train": 84.38518518518518, "accuracy_validation": 83.01666666666667, "loss_train": 0.47675019755936165, "cost_validation": 0.5291145238947637, "epochs": 19, "_timestamp": 1678385527.4525502, "_runtime": 146.69087314605713, "_step": 19, "_wandb": {"runtime": 146}}