{"accuracy_train": 75.6037037037037, "accuracy_validation": 74.66666666666667, "loss_train": 0.6609671080529831, "cost_validation": 0.6935358871018317, "epochs": 19, "_timestamp": 1677868625.123171, "_runtime": 116.49166417121887, "_step": 19, "_wandb": {"runtime": 115}}