{"accuracy_train": 86.31666666666666, "accuracy_validation": 83.51666666666667, "loss_train": 0.4628191367815829, "cost_validation": 0.5946605651887622, "epochs": 9, "_timestamp": 1678352293.796266, "_runtime": 33.83037519454956, "_step": 9, "_wandb": {"runtime": 33}}