{"accuracy_train": 68.81851851851852, "accuracy_validation": 67.80000000000001, "loss_train": 0.8799520580491137, "cost_validation": 0.9744697338821524, "epochs": 39, "_timestamp": 1677856585.5075245, "_runtime": 119.18366551399231, "_step": 39, "_wandb": {"runtime": 118}}