{"accuracy_train": 87.27962962962962, "accuracy_validation": 85.81666666666666, "loss_train": 0.3468888397258111, "cost_validation": 0.41590600038588255, "epochs": 14, "_timestamp": 1678423204.1476247, "_runtime": 44.8803026676178, "_step": 14, "_wandb": {"runtime": 44}}