{"accuracy_train": 52.55185185185185, "accuracy_validation": 50.983333333333334, "loss_train": 1.3695412472933763, "cost_validation": 1.411559464766286, "epochs": 39, "_timestamp": 1678001111.589043, "_runtime": 335.3251910209656, "_step": 39, "_wandb": {"runtime": 334}}