{"accuracy_train": 89.37777777777778, "accuracy_validation": 86.33333333333333, "loss_train": 0.2911828459697389, "cost_validation": 0.4244281212884418, "epochs": 14, "_timestamp": 1678423289.0703888, "_runtime": 70.72090888023376, "_step": 14, "_wandb": {"runtime": 70}}