{"accuracy_train": 25.53148148148148, "accuracy_validation": 24.883333333333333, "loss_train": 11.544613089749594, "cost_validation": 11.733684474413007, "epochs": 9, "_timestamp": 1678016919.1341481, "_runtime": 45.75851511955261, "_step": 9, "_wandb": {"runtime": 45}}