{"accuracy_train": 50.01851851851852, "accuracy_validation": 48.96666666666666, "loss_train": 2.982120454239926, "cost_validation": 3.0572838987243145, "epochs": 9, "_timestamp": 1678261977.3694618, "_runtime": 26.788699865341187, "_step": 9, "_wandb": {"runtime": 26}}