{"accuracy_train": 16.368518518518517, "accuracy_validation": 16.133333333333333, "loss_train": 4.534710161174016, "cost_validation": 4.465075160232999, "epochs": 9, "_timestamp": 1677749494.5367243, "_runtime": 53.09833836555481, "_step": 9, "_wandb": {"runtime": 52}}