{"accuracy_train": 86.79814814814814, "accuracy_validation": 85.33333333333334, "loss_train": 0.3703257424579786, "cost_validation": 0.44060114764449626, "epochs": 9, "_timestamp": 1678353021.4725053, "_runtime": 49.8117892742157, "_step": 9, "_wandb": {"runtime": 49}}