{"accuracy_train": 66.6574074074074, "accuracy_validation": 66.0, "loss_train": 0.8661955985751288, "cost_validation": 0.8590724000692367, "epochs": 39, "_timestamp": 1678276163.734802, "_runtime": 437.089448928833, "_step": 39, "_wandb": {"runtime": 436}}