{"accuracy_train": 74.22407407407408, "accuracy_validation": 73.11666666666666, "loss_train": 0.7061005785176978, "cost_validation": 0.731745441813302, "epochs": 9, "_timestamp": 1677821610.3898573, "_runtime": 51.322999238967896, "_step": 9, "_wandb": {"runtime": 50}}