{"accuracy_train": 88.6462962962963, "accuracy_validation": 86.08333333333333, "loss_train": 0.3128644360141766, "cost_validation": 0.37024478258036486, "epochs": 9, "_timestamp": 1678352129.6196244, "_runtime": 40.287177324295044, "_step": 9, "_wandb": {"runtime": 39}}