{"accuracy_train": 89.49074074074073, "accuracy_validation": 86.15, "loss_train": 0.3048900244449719, "cost_validation": 0.4921553792860522, "epochs": 9, "_timestamp": 1678358753.287784, "_runtime": 131.5940601825714, "_step": 9, "_wandb": {"runtime": 130}}