{"accuracy_train": 13.225925925925926, "accuracy_validation": 13.5, "loss_train": 19.604455339057655, "cost_validation": 19.545769131682864, "epochs": 19, "_timestamp": 1678264500.287605, "_runtime": 48.838303089141846, "_step": 19, "_wandb": {"runtime": 48}}