{"accuracy_train": 79.09074074074074, "accuracy_validation": 78.14999999999999, "loss_train": 0.5768927192132679, "cost_validation": 0.6082892516998415, "epochs": 19, "_timestamp": 1678405487.8001957, "_runtime": 757.7516047954559, "_step": 19, "_wandb": {"runtime": 757}}