{"accuracy_train": 72.93518518518518, "accuracy_validation": 72.18333333333334, "loss_train": 3.348616093516636, "cost_validation": 3.62303038311611, "epochs": 39, "_timestamp": 1678272834.4053094, "_runtime": 80.784259557724, "_step": 39, "_wandb": {"runtime": 80}}