{"accuracy_train": 98.86666666666667, "accuracy_validation": 96.2, "loss_train": 0.03963176488836607, "cost_validation": 0.16613421970711278, "epochs": 19, "_timestamp": 1678434794.8679812, "_runtime": 158.62171721458435, "_step": 19, "_wandb": {"runtime": 158}}