{"accuracy_train": 48.62592592592593, "accuracy_validation": 47.46666666666667, "loss_train": 1.2189276033916732, "cost_validation": 1.241036969810148, "epochs": 9, "_timestamp": 1677787751.2225463, "_runtime": 29.015888452529907, "_step": 9, "_wandb": {"runtime": 28}}