{"accuracy_train": 84.9925925925926, "accuracy_validation": 82.56666666666666, "loss_train": 0.4416211862354155, "cost_validation": 0.599774216361509, "epochs": 14, "_timestamp": 1678399306.2357092, "_runtime": 193.08289623260498, "_step": 14, "_wandb": {"runtime": 192}}