{"accuracy_train": 90.88888888888889, "accuracy_validation": 85.46666666666667, "loss_train": NaN, "cost_validation": NaN, "epochs": 39, "_timestamp": 1678114892.9504657, "_runtime": 2117.3706176280975, "_step": 39, "_wandb": {"runtime": 2117}}