{"accuracy_train": 10.005555555555555, "accuracy_validation": 9.950000000000001, "loss_train": NaN, "cost_validation": NaN, "epochs": 9, "_timestamp": 1678269200.2434876, "_runtime": 24.06518054008484, "_step": 9, "_wandb": {"runtime": 23}}