{"accuracy_train": 43.04259259259259, "accuracy_validation": 42.31666666666667, "loss_train": 1.4145133023330407, "cost_validation": 1.4093495938708316, "epochs": 9, "_timestamp": 1677828596.3126774, "_runtime": 144.19409132003784, "_step": 9, "_wandb": {"runtime": 143}}