{"accuracy_train": 83.4574074074074, "accuracy_validation": 83.03333333333333, "loss_train": 1.9884881603054134, "cost_validation": 2.0873934427487204, "epochs": 19, "_timestamp": 1678001452.133057, "_runtime": 57.510860204696655, "_step": 19, "_wandb": {"runtime": 57}}