{"accuracy_train": 88.6037037037037, "accuracy_validation": 86.73333333333333, "loss_train": 0.3129865776587183, "cost_validation": 0.3997809068477949, "epochs": 9, "_timestamp": 1678388934.0114374, "_runtime": 55.421788454055786, "_step": 9, "_wandb": {"runtime": 55}}