{"accuracy_train": 86.61111111111111, "accuracy_validation": 84.23333333333333, "loss_train": NaN, "cost_validation": NaN, "epochs": 9, "_timestamp": 1678090598.598739, "_runtime": 1048.334256887436, "_step": 9, "_wandb": {"runtime": 1047}}