{"accuracy_train": 23.162962962962965, "accuracy_validation": 24.383333333333333, "loss_train": 1.8921357065753897, "cost_validation": 1.8840285115112483, "epochs": 9, "_timestamp": 1677831224.6456125, "_runtime": 51.01631045341492, "_step": 9, "_wandb": {"runtime": 50}}