{"accuracy_train": 93.3037037037037, "accuracy_validation": 86.41666666666666, "loss_train": 0.18329595574672364, "cost_validation": 0.6529117640642546, "epochs": 39, "_timestamp": 1678138124.1891804, "_runtime": 454.543217420578, "_step": 39, "_wandb": {"runtime": 454}}