{"accuracy_train": 85.2, "accuracy_validation": 83.15, "loss_train": 0.4064523760032467, "cost_validation": 0.46210737227495624, "epochs": 9, "_timestamp": 1677971637.8806505, "_runtime": 725.5635645389557, "_step": 9, "_wandb": {"runtime": 724}}