{"accuracy_train": 87.53888888888889, "accuracy_validation": 85.35000000000001, "loss_train": 0.3376848088666753, "cost_validation": 0.4010136325641368, "epochs": 9, "_timestamp": 1678384655.2971385, "_runtime": 65.0486843585968, "_step": 9, "_wandb": {"runtime": 64}}