{"accuracy_train": 68.1462962962963, "accuracy_validation": 66.85, "loss_train": 0.8980756434773375, "cost_validation": 0.91550357880928, "epochs": 9, "_timestamp": 1677789404.4132526, "_runtime": 29.429354667663574, "_step": 9, "_wandb": {"runtime": 28}}