{"accuracy_train": 85.47407407407407, "accuracy_validation": 84.73333333333333, "loss_train": 0.4311384207647428, "cost_validation": 0.44886922233132237, "epochs": 39, "_timestamp": 1678261155.8169613, "_runtime": 96.77031230926514, "_step": 39, "_wandb": {"runtime": 96}}