{"accuracy_train": 45.67407407407407, "accuracy_validation": 45.666666666666664, "loss_train": 10.07333348660554, "cost_validation": 9.962698714065999, "epochs": 19, "_timestamp": 1678267595.4784336, "_runtime": 44.044108629226685, "_step": 19, "_wandb": {"runtime": 43}}