{"accuracy_train": 84.2462962962963, "accuracy_validation": 83.2, "loss_train": 0.4530727396478008, "cost_validation": 0.48363073667732304, "epochs": 9, "_timestamp": 1677854478.552105, "_runtime": 483.44260001182556, "_step": 9, "_wandb": {"runtime": 482}}