{"accuracy_train": 37.55925925925926, "accuracy_validation": 36.666666666666664, "loss_train": 3.005464028201675, "cost_validation": 3.0010111992235298, "epochs": 9, "_timestamp": 1677843773.994655, "_runtime": 45.361074924468994, "_step": 9, "_wandb": {"runtime": 44}}