{"accuracy_train": 56.440740740740736, "accuracy_validation": 55.46666666666666, "loss_train": 1.1425496244254432, "cost_validation": 1.146878982361856, "epochs": 9, "_timestamp": 1677823583.1827226, "_runtime": 98.63085865974426, "_step": 9, "_wandb": {"runtime": 98}}