{"accuracy_train": 85.71296296296296, "accuracy_validation": 83.8, "loss_train": 0.4117080061601824, "cost_validation": 0.4629017191275612, "epochs": 19, "_timestamp": 1678386096.1872344, "_runtime": 138.84021949768066, "_step": 19, "_wandb": {"runtime": 138}}