{"accuracy_train": 86.84814814814816, "accuracy_validation": 85.35000000000001, "loss_train": 0.37046336677598735, "cost_validation": 0.44293277410036214, "epochs": 9, "_timestamp": 1678350060.1998222, "_runtime": 52.25263524055481, "_step": 9, "_wandb": {"runtime": 51}}