{"accuracy_train": 35.17962962962963, "accuracy_validation": 34.21666666666667, "loss_train": 1.4491254506947118, "cost_validation": 1.4670948472023664, "epochs": 9, "_timestamp": 1677821972.7696471, "_runtime": 87.42976212501526, "_step": 9, "_wandb": {"runtime": 85}}