{"accuracy_train": 85.5462962962963, "accuracy_validation": 84.25, "loss_train": 0.3996193806504221, "cost_validation": 0.42832945329022876, "epochs": 19, "_timestamp": 1678261876.8499837, "_runtime": 91.82115077972412, "_step": 19, "_wandb": {"runtime": 91}}