{"accuracy_train": 10.85925925925926, "accuracy_validation": 11.200000000000001, "loss_train": 3.3366347955618383, "cost_validation": 3.341301143941312, "epochs": 39, "_timestamp": 1678264384.942034, "_runtime": 89.11730289459229, "_step": 39, "_wandb": {"runtime": 88}}