{"accuracy_train": 21.57777777777778, "accuracy_validation": 20.95, "loss_train": 2.8844954400907974, "cost_validation": 2.8942961321231704, "epochs": 9, "_timestamp": 1677832642.5404625, "_runtime": 45.235413551330566, "_step": 9, "_wandb": {"runtime": 44}}