{"accuracy_train": 86.35185185185185, "accuracy_validation": 84.3, "loss_train": 0.37248510664110873, "cost_validation": 0.44054060840230475, "epochs": 19, "_timestamp": 1678405746.501342, "_runtime": 91.86771416664124, "_step": 19, "_wandb": {"runtime": 91}}