{"accuracy_train": 86.97962962962963, "accuracy_validation": 85.1, "loss_train": 0.3622950859342161, "cost_validation": 0.41073260581922655, "epochs": 19, "_timestamp": 1678349402.7629786, "_runtime": 299.6541795730591, "_step": 19, "_wandb": {"runtime": 298}}