{"accuracy_train": 88.70370370370371, "accuracy_validation": 86.26666666666667, "loss_train": 0.3240974260549612, "cost_validation": 0.43558604308023996, "epochs": 9, "_timestamp": 1678393336.114589, "_runtime": 96.96481394767761, "_step": 9, "_wandb": {"runtime": 96}}