{"accuracy_train": 75.35555555555555, "accuracy_validation": 73.98333333333333, "loss_train": 2.7939284356470035, "cost_validation": 2.9511892541563647, "epochs": 39, "_timestamp": 1677977019.2182567, "_runtime": 115.49206781387329, "_step": 39, "_wandb": {"runtime": 115}}