{"accuracy_train": 86.18148148148148, "accuracy_validation": 84.6, "loss_train": 0.4259126434981148, "cost_validation": 0.49742691796022587, "epochs": 19, "_timestamp": 1678374651.3990967, "_runtime": 473.30747270584106, "_step": 19, "_wandb": {"runtime": 472}}