{"accuracy_train": 46.82037037037037, "accuracy_validation": 45.46666666666667, "loss_train": 1.261865125780503, "cost_validation": 1.2641113327418187, "epochs": 9, "_timestamp": 1678274797.2545788, "_runtime": 27.21922492980957, "_step": 9, "_wandb": {"runtime": 26}}