{"accuracy_train": 81.8611111111111, "accuracy_validation": 80.41666666666667, "loss_train": 0.5759673513378799, "cost_validation": 0.6126511576630729, "epochs": 9, "_timestamp": 1678105874.2828705, "_runtime": 99.48640060424805, "_step": 9, "_wandb": {"runtime": 99}}