{"accuracy_train": 75.98703703703704, "accuracy_validation": 75.53333333333333, "loss_train": 0.6308698292328201, "cost_validation": 0.6362821690769844, "epochs": 9, "_timestamp": 1677762263.2993255, "_runtime": 80.61219954490662, "_step": 9, "_wandb": {"runtime": 79}}