{"accuracy_train": 82.41666666666667, "accuracy_validation": 81.48333333333333, "loss_train": 0.4901713703680716, "cost_validation": 0.5190725121099231, "epochs": 19, "_timestamp": 1678403591.8279293, "_runtime": 316.6519742012024, "_step": 19, "_wandb": {"runtime": 316}}