{"accuracy_train": 73.67222222222222, "accuracy_validation": 71.6, "loss_train": 6.176880915186649, "cost_validation": 7.050784654568739, "epochs": 9, "_timestamp": 1677860178.122765, "_runtime": 44.52792811393738, "_step": 9, "_wandb": {"runtime": 44}}