{"accuracy_train": 56.56666666666666, "accuracy_validation": 55.300000000000004, "loss_train": 3.7277856854891285, "cost_validation": 3.9140133457889923, "epochs": 19, "_timestamp": 1678281555.310379, "_runtime": 33.781270027160645, "_step": 19, "_wandb": {"runtime": 33}}