{"accuracy_train": 88.9462962962963, "accuracy_validation": 84.38333333333333, "loss_train": 0.3222650494681533, "cost_validation": 0.7180941485545884, "epochs": 19, "_timestamp": 1678343801.4498932, "_runtime": 407.3070502281189, "_step": 19, "_wandb": {"runtime": 406}}