{"accuracy_train": 84.81296296296297, "accuracy_validation": 82.85, "loss_train": 0.6451347194531338, "cost_validation": 0.9608230816104737, "epochs": 19, "_timestamp": 1678358317.7210948, "_runtime": 215.31634092330933, "_step": 19, "_wandb": {"runtime": 214}}