{"accuracy_train": 82.40925925925926, "accuracy_validation": 81.39999999999999, "loss_train": 0.6173857149758157, "cost_validation": 0.660311286378412, "epochs": 19, "_timestamp": 1678047072.7828374, "_runtime": 203.20304346084595, "_step": 19, "_wandb": {"runtime": 202}}