{"accuracy_train": 71.97592592592592, "accuracy_validation": 71.43333333333334, "loss_train": 0.7819074303451897, "cost_validation": 0.7848947668814277, "epochs": 39, "_timestamp": 1678274699.9277883, "_runtime": 606.1905863285065, "_step": 39, "_wandb": {"runtime": 605}}