{"accuracy_train": 60.092592592592595, "accuracy_validation": 59.38333333333333, "loss_train": 4.633092592592592, "cost_validation": 4.642333333333333, "epochs": 39, "_timestamp": 1677980696.1995282, "_runtime": 41.80465531349182, "_step": 39, "_wandb": {"runtime": 41}}