{"accuracy_train": 78.0962962962963, "accuracy_validation": 76.6, "loss_train": 0.6796207751275142, "cost_validation": 0.7421809329876472, "epochs": 9, "_timestamp": 1678342261.151002, "_runtime": 46.58180284500122, "_step": 9, "_wandb": {"runtime": 46}}