{"accuracy_train": 10.005555555555555, "accuracy_validation": 9.950000000000001, "loss_train": 2.316290226792075, "cost_validation": 2.3180863930455646, "epochs": 4, "_timestamp": 1677773122.7771363, "_runtime": 130.809579372406, "_step": 4, "_wandb": {"runtime": 130}}