{"accuracy_train": 83.14074074074074, "accuracy_validation": 81.6, "loss_train": 0.6696768495186332, "cost_validation": 0.7561965877147006, "epochs": 9, "_timestamp": 1678050895.2240102, "_runtime": 110.86228513717651, "_step": 9, "_wandb": {"runtime": 110}}