{"accuracy_train": 59.93888888888888, "accuracy_validation": 59.099999999999994, "loss_train": 1.203982184041797, "cost_validation": 1.2476983779408202, "epochs": 39, "_timestamp": 1677873069.285597, "_runtime": 126.2778491973877, "_step": 39, "_wandb": {"runtime": 125}}