{"accuracy_train": 10.005555555555555, "accuracy_validation": 9.950000000000001, "loss_train": NaN, "cost_validation": NaN, "epochs": 19, "_timestamp": 1678266731.508381, "_runtime": 422.05502796173096, "_step": 19, "_wandb": {"runtime": 421}}