{"accuracy_train": 79.85, "accuracy_validation": 79.46666666666667, "loss_train": 0.5598537483718307, "cost_validation": 0.5787816880869633, "epochs": 39, "_timestamp": 1677763509.3704212, "_runtime": 187.3525631427765, "_step": 39, "_wandb": {"runtime": 186}}