{"accuracy_train": 87.77037037037036, "accuracy_validation": 86.15, "loss_train": 0.33434471633163526, "cost_validation": 0.3808679877439759, "epochs": 9, "_timestamp": 1678352007.5544987, "_runtime": 31.0049307346344, "_step": 9, "_wandb": {"runtime": 30}}