{"accuracy_train": 84.58703703703704, "accuracy_validation": 82.98333333333333, "loss_train": NaN, "cost_validation": NaN, "epochs": 7, "_timestamp": 1678798092.5754676, "_runtime": 95.92013454437256, "_step": 7, "_wandb": {"runtime": 101}}