{"accuracy_train": 98.55740740740741, "accuracy_validation": 95.78333333333333, "loss_train": 0.056411978956701046, "cost_validation": 0.32690629518354086, "epochs": 19, "_timestamp": 1678440126.4861033, "_runtime": 97.70212841033936, "_step": 19, "_wandb": {"runtime": 97}}