{"accuracy_train": 13.196296296296298, "accuracy_validation": 12.716666666666669, "loss_train": 6.0688638144970675, "cost_validation": 6.071508486401389, "epochs": 19, "_timestamp": 1677755606.5143793, "_runtime": 36.93680024147034, "_step": 19, "_wandb": {"runtime": 36}}