{"accuracy_train": 42.68518518518519, "accuracy_validation": 41.21666666666667, "loss_train": 2.7753021558501745, "cost_validation": 2.922913856217965, "epochs": 19, "_timestamp": 1677854617.2867243, "_runtime": 103.093088388443, "_step": 19, "_wandb": {"runtime": 102}}