{"accuracy_train": 29.533333333333335, "accuracy_validation": 28.583333333333332, "loss_train": 2.354011328929762, "cost_validation": 2.3711549430902585, "epochs": 39, "_timestamp": 1677976289.6767292, "_runtime": 132.30719423294067, "_step": 39, "_wandb": {"runtime": 131}}