{"accuracy_train": 88.09814814814814, "accuracy_validation": 86.46666666666667, "loss_train": 0.32461642231641064, "cost_validation": 0.3792285874031406, "epochs": 9, "_timestamp": 1678359386.6685216, "_runtime": 42.297324657440186, "_step": 9, "_wandb": {"runtime": 41}}