{"accuracy_train": 86.1962962962963, "accuracy_validation": 84.89999999999999, "loss_train": 0.37580011205638575, "cost_validation": 0.42165382464603735, "epochs": 19, "_timestamp": 1678035636.632363, "_runtime": 173.3076241016388, "_step": 19, "_wandb": {"runtime": 173}}