{"accuracy_train": 44.23148148148148, "accuracy_validation": 43.016666666666666, "loss_train": 1.4133869225871138, "cost_validation": 2.4242189823247413, "epochs": 9, "_timestamp": 1677979061.7551687, "_runtime": 214.40261268615723, "_step": 9, "_wandb": {"runtime": 213}}