{"accuracy_train": 76.87037037037037, "accuracy_validation": 76.08333333333334, "loss_train": 0.6274542698034121, "cost_validation": 0.655715306066046, "epochs": 9, "_timestamp": 1678021772.844327, "_runtime": 134.54350996017456, "_step": 9, "_wandb": {"runtime": 134}}