{"accuracy_train": 62.50925925925927, "accuracy_validation": 61.61666666666667, "loss_train": 1.0153706964796148, "cost_validation": 1.0406700682635563, "epochs": 9, "_timestamp": 1677789360.93546, "_runtime": 28.949090003967285, "_step": 9, "_wandb": {"runtime": 28}}