{"accuracy_train": 10.005555555555555, "accuracy_validation": 9.950000000000001, "loss_train": NaN, "cost_validation": NaN, "epochs": 4, "_timestamp": 1677764753.827802, "_runtime": 50.19265604019165, "_step": 4, "_wandb": {"runtime": 48}}