{"accuracy_train": 83.97592592592592, "accuracy_validation": 82.53333333333333, "loss_train": 0.48140148203587846, "cost_validation": 0.5198569787771693, "epochs": 9, "_timestamp": 1678358080.2399313, "_runtime": 30.029465436935425, "_step": 9, "_wandb": {"runtime": 29}}