{"accuracy_train": 73.10555555555555, "accuracy_validation": 72.16666666666667, "loss_train": 3.124755378883179, "cost_validation": 3.110298409948611, "epochs": 39, "_timestamp": 1677991478.4255445, "_runtime": 124.93473052978516, "_step": 39, "_wandb": {"runtime": 124}}