{"accuracy_train": 86.04814814814816, "accuracy_validation": 84.55, "loss_train": 0.39007229931741333, "cost_validation": 0.43712325029856985, "epochs": 9, "_timestamp": 1678351963.1346312, "_runtime": 138.96102714538574, "_step": 9, "_wandb": {"runtime": 138}}