{"accuracy_train": 79.7462962962963, "accuracy_validation": 79.75, "loss_train": 0.6961216702108988, "cost_validation": 0.7012800694358595, "epochs": 9, "_timestamp": 1678643317.733057, "_runtime": 22.660140991210938, "_step": 9, "_wandb": {"runtime": 22}}