{"accuracy_train": 82.15185185185186, "accuracy_validation": 80.38333333333333, "loss_train": 0.5749198842176574, "cost_validation": 0.6325726614943442, "epochs": 9, "_timestamp": 1677824128.3570364, "_runtime": 67.47562026977539, "_step": 9, "_wandb": {"runtime": 66}}