{"accuracy_train": 82.92222222222222, "accuracy_validation": 82.63333333333334, "loss_train": 0.47229669550692854, "cost_validation": 0.4985516267021758, "epochs": 14, "_timestamp": 1678423843.0656557, "_runtime": 205.1056456565857, "_step": 14, "_wandb": {"runtime": 204}}