{"accuracy_train": 81.28148148148148, "accuracy_validation": 79.60000000000001, "loss_train": 0.5330898595272846, "cost_validation": 0.5796711930071137, "epochs": 19, "_timestamp": 1677978750.2615075, "_runtime": 48.22043561935425, "_step": 19, "_wandb": {"runtime": 47}}