{"accuracy_train": 87.92592592592592, "accuracy_validation": 86.16666666666667, "loss_train": 0.33150571297469555, "cost_validation": 0.4131238323353612, "epochs": 19, "_timestamp": 1678359560.3089836, "_runtime": 62.80502367019653, "_step": 19, "_wandb": {"runtime": 62}}