{"accuracy_train": 85.70555555555556, "accuracy_validation": 84.05, "loss_train": 0.4044791198596287, "cost_validation": 0.5270168006478242, "epochs": 9, "_timestamp": 1678406283.0947933, "_runtime": 76.60618424415588, "_step": 9, "_wandb": {"runtime": 76}}