{"accuracy_train": 80.94444444444444, "accuracy_validation": 80.01666666666667, "loss_train": 0.6288009385830391, "cost_validation": 0.6605060469761159, "epochs": 9, "_timestamp": 1678384476.766722, "_runtime": 66.8921868801117, "_step": 9, "_wandb": {"runtime": 66}}