{"accuracy_train": 63.88703703703704, "accuracy_validation": 63.24999999999999, "loss_train": 1.0224196605295826, "cost_validation": 1.052835577643307, "epochs": 39, "_timestamp": 1677996377.8652737, "_runtime": 52.36701464653015, "_step": 39, "_wandb": {"runtime": 52}}