{"accuracy_train": 87.88703703703705, "accuracy_validation": 86.23333333333333, "loss_train": 0.33640791038685897, "cost_validation": 0.3833542347963072, "epochs": 9, "_timestamp": 1678407182.0104327, "_runtime": 35.4463996887207, "_step": 9, "_wandb": {"runtime": 34}}