{"accuracy_train": 59.885185185185186, "accuracy_validation": 58.983333333333334, "loss_train": 1.0950539109031385, "cost_validation": 1.1237259498806738, "epochs": 39, "_timestamp": 1677973642.5874848, "_runtime": 64.97952795028687, "_step": 39, "_wandb": {"runtime": 64}}