{"accuracy_train": 70.94814814814815, "accuracy_validation": 70.01666666666667, "loss_train": 3.3887100208814243, "cost_validation": 3.440222532199771, "epochs": 9, "_timestamp": 1677853575.1435792, "_runtime": 679.4053602218628, "_step": 9, "_wandb": {"runtime": 678}}