{"accuracy_train": 80.17777777777778, "accuracy_validation": 78.64999999999999, "loss_train": 0.5630077689971641, "cost_validation": 0.5910094810958407, "epochs": 19, "_timestamp": 1678022645.7094874, "_runtime": 84.19434452056885, "_step": 19, "_wandb": {"runtime": 83}}