{"accuracy_train": 17.72222222222222, "accuracy_validation": 17.233333333333334, "loss_train": 7.289009230171886, "cost_validation": 7.343642399551316, "epochs": 9, "_timestamp": 1678268631.6520238, "_runtime": 18.96551275253296, "_step": 9, "_wandb": {"runtime": 18}}