{"accuracy_train": 79.86851851851851, "accuracy_validation": 78.75, "loss_train": 0.5543477332523224, "cost_validation": 0.5807596523860442, "epochs": 19, "_timestamp": 1677993326.6441247, "_runtime": 657.4122276306152, "_step": 19, "_wandb": {"runtime": 656}}