{"accuracy_train": 85.23148148148148, "accuracy_validation": 82.65, "loss_train": 0.485754608828299, "cost_validation": 0.6643214805270752, "epochs": 19, "_timestamp": 1678401970.3217368, "_runtime": 185.4399127960205, "_step": 19, "_wandb": {"runtime": 184}}