{"accuracy_train": 19.35925925925926, "accuracy_validation": 19.083333333333332, "loss_train": 2.2186353464042505, "cost_validation": 2.2498637257357474, "epochs": 39, "_timestamp": 1677871764.4708242, "_runtime": 55.04467034339905, "_step": 39, "_wandb": {"runtime": 54}}