{"accuracy_train": 79.79814814814816, "accuracy_validation": 79.23333333333333, "loss_train": 0.5837718285752329, "cost_validation": 0.6013142592620994, "epochs": 39, "_timestamp": 1678272331.9270368, "_runtime": 43.22644567489624, "_step": 39, "_wandb": {"runtime": 42}}