{"accuracy_train": 79.61111111111111, "accuracy_validation": 78.55, "loss_train": 0.5603156534044103, "cost_validation": 0.5901150174920626, "epochs": 9, "_timestamp": 1678398211.2588446, "_runtime": 324.6189286708832, "_step": 9, "_wandb": {"runtime": 324}}