{"accuracy_train": 83.4925925925926, "accuracy_validation": 82.48333333333333, "loss_train": 0.47370832421547276, "cost_validation": 0.5010517982818703, "epochs": 10, "_timestamp": 1677971793.3771973, "_runtime": 81.56163835525513, "_step": 10, "_wandb": {"runtime": 83}}