{"accuracy_train": 73.9537037037037, "accuracy_validation": 72.71666666666667, "loss_train": 0.7230331082311761, "cost_validation": 0.7571673141747354, "epochs": 9, "_timestamp": 1678023649.1201966, "_runtime": 51.13814663887024, "_step": 9, "_wandb": {"runtime": 50}}