{"accuracy_train": 70.67592592592592, "accuracy_validation": 69.68333333333334, "loss_train": 3.3826631816649093, "cost_validation": 3.496968634984186, "epochs": 39, "_timestamp": 1677992373.938152, "_runtime": 97.91015100479126, "_step": 39, "_wandb": {"runtime": 97}}