{"accuracy_train": 85.44814814814815, "accuracy_validation": 83.83333333333334, "loss_train": 0.4038583271090921, "cost_validation": 0.4428037918206908, "epochs": 9, "_timestamp": 1678092949.2403715, "_runtime": 2317.6480095386505, "_step": 9, "_wandb": {"runtime": 2317}}