{"accuracy_train": 89.43518518518519, "accuracy_validation": 86.75, "loss_train": 0.29592450086964056, "cost_validation": 0.46393774200258164, "epochs": 14, "_timestamp": 1678399620.072652, "_runtime": 118.81649518013, "_step": 14, "_wandb": {"runtime": 118}}