{"accuracy_train": 49.733333333333334, "accuracy_validation": 48.88333333333333, "loss_train": 1.2224309224450705, "cost_validation": 1.2360792762217903, "epochs": 39, "_timestamp": 1678266147.0471563, "_runtime": 854.338995218277, "_step": 39, "_wandb": {"runtime": 854}}