{"accuracy_train": 83.32407407407408, "accuracy_validation": 82.63333333333334, "loss_train": 1.9669742629710751, "cost_validation": 1.9939350334063433, "epochs": 9, "_timestamp": 1677977132.5328448, "_runtime": 25.12884783744812, "_step": 9, "_wandb": {"runtime": 24}}