{"accuracy_train": 52.51481481481481, "accuracy_validation": 50.916666666666664, "loss_train": 1.3119597978444513, "cost_validation": 1.3355537903569343, "epochs": 9, "_timestamp": 1677841430.0144339, "_runtime": 38.28941297531128, "_step": 9, "_wandb": {"runtime": 37}}