{"accuracy_train": 15.885185185185186, "accuracy_validation": 15.4, "loss_train": 8.330537037037036, "cost_validation": 8.333, "epochs": 9, "_timestamp": 1677996486.6169732, "_runtime": 38.69154119491577, "_step": 9, "_wandb": {"runtime": 38}}