{"accuracy_train": 87.83888888888889, "accuracy_validation": 86.05000000000001, "loss_train": 1.6421307077046872, "cost_validation": 1.812509702675518, "epochs": 19, "_timestamp": 1678000653.4302077, "_runtime": 41.258827686309814, "_step": 19, "_wandb": {"runtime": 41}}