{"accuracy_train": 88.52592592592593, "accuracy_validation": 86.38333333333334, "loss_train": 0.3220698896655967, "cost_validation": 0.37266098966640115, "epochs": 39, "_timestamp": 1678268110.1381307, "_runtime": 149.13895273208618, "_step": 39, "_wandb": {"runtime": 148}}