{"accuracy_train": 89.93333333333334, "accuracy_validation": 86.71666666666667, "loss_train": 0.28632558804116426, "cost_validation": 0.4743778552656602, "epochs": 19, "_timestamp": 1678088566.6403313, "_runtime": 302.30470037460327, "_step": 19, "_wandb": {"runtime": 301}}