{"accuracy_train": 98.1962962962963, "accuracy_validation": 97.11666666666666, "loss_train": 0.059949140329110744, "cost_validation": 0.09067357600490562, "epochs": 19, "_timestamp": 1678640400.362742, "_runtime": 160.0155279636383, "_step": 19, "_wandb": {"runtime": 159}}