{"accuracy_train": 90.04444444444445, "accuracy_validation": 87.2, "loss_train": 0.2735864622416951, "cost_validation": 0.4137114080378809, "epochs": 19, "_timestamp": 1678240841.1860394, "_runtime": 131.24441742897034, "_step": 19, "_wandb": {"runtime": 130}}