{"accuracy_train": 79.07777777777778, "accuracy_validation": 77.73333333333333, "loss_train": 0.6226358417481063, "cost_validation": 0.6637820248095483, "epochs": 19, "_timestamp": 1678027752.0068119, "_runtime": 84.7163097858429, "_step": 19, "_wandb": {"runtime": 84}}