{"accuracy_train": 54.77777777777778, "accuracy_validation": 53.583333333333336, "loss_train": 1.882207403931578, "cost_validation": 1.9445661839429356, "epochs": 19, "_timestamp": 1677980206.0992792, "_runtime": 35.168941259384155, "_step": 19, "_wandb": {"runtime": 34}}