{"accuracy_train": 90.68518518518518, "accuracy_validation": 86.43333333333332, "loss_train": 0.2686418946074945, "cost_validation": 0.6095658659311388, "epochs": 39, "_timestamp": 1678387461.6374972, "_runtime": 329.1133222579956, "_step": 39, "_wandb": {"runtime": 328}}