{"accuracy_train": 80.94444444444444, "accuracy_validation": 80.01666666666667, "loss_train": 0.6289715258237822, "cost_validation": 0.6605060469761159, "epochs": 9, "_timestamp": 1678105325.220368, "_runtime": 127.0570638179779, "_step": 9, "_wandb": {"runtime": 126}}