{"accuracy_train": 88.90740740740742, "accuracy_validation": 86.75, "loss_train": 0.31498263998030546, "cost_validation": 0.43335615760533897, "epochs": 9, "_timestamp": 1678384302.3720498, "_runtime": 69.59669280052185, "_step": 9, "_wandb": {"runtime": 69}}