{"accuracy_train": 90.01296296296296, "accuracy_validation": 87.06666666666666, "loss_train": 0.2821439850514025, "cost_validation": 0.47897154656703345, "epochs": 19, "_timestamp": 1679000785.082582, "_runtime": 156.10492300987244, "_step": 19, "_wandb": {"runtime": 164}}