{"accuracy_train": 85.48333333333333, "accuracy_validation": 84.01666666666667, "loss_train": 1.910111111111111, "cost_validation": 2.1094999999999997, "epochs": 19, "_timestamp": 1678016984.4514399, "_runtime": 48.963868856430054, "_step": 19, "_wandb": {"runtime": 48}}