{"accuracy_train": 72.89814814814815, "accuracy_validation": 71.26666666666667, "loss_train": 0.8697885577657587, "cost_validation": 0.9068490738542527, "epochs": 39, "_timestamp": 1677841804.6945114, "_runtime": 194.00493836402893, "_step": 39, "_wandb": {"runtime": 193}}