{"accuracy_train": 42.29259259259259, "accuracy_validation": 40.416666666666664, "loss_train": 1.2446166181533174, "cost_validation": 1.257372163255535, "epochs": 9, "_timestamp": 1677818576.5829184, "_runtime": 40.683993339538574, "_step": 9, "_wandb": {"runtime": 39}}