{"accuracy_train": 72.07037037037037, "accuracy_validation": 70.76666666666667, "loss_train": 0.7447952659183111, "cost_validation": 0.7938810715147124, "epochs": 9, "_timestamp": 1678350392.7249105, "_runtime": 72.16101050376892, "_step": 9, "_wandb": {"runtime": 71}}