{"accuracy_train": 86.35925925925926, "accuracy_validation": 84.66666666666667, "loss_train": 0.38965614336854376, "cost_validation": 0.4469259718198685, "epochs": 19, "_timestamp": 1678026121.4968991, "_runtime": 82.53314518928528, "_step": 19, "_wandb": {"runtime": 82}}