{"accuracy_train": 10.005555555555555, "accuracy_validation": 9.950000000000001, "loss_train": NaN, "cost_validation": NaN, "epochs": 39, "_timestamp": 1677772931.0089045, "_runtime": 31.726147413253784, "_step": 39, "_wandb": {"runtime": 31}}