{"accuracy_train": 89.39259259259259, "accuracy_validation": 85.95, "loss_train": 0.30308285124182843, "cost_validation": 0.45206139665030126, "epochs": 14, "_timestamp": 1678399736.2506602, "_runtime": 103.34242010116577, "_step": 14, "_wandb": {"runtime": 102}}