{"accuracy_train": 56.035185185185185, "accuracy_validation": 55.7, "loss_train": 1.225101784871054, "cost_validation": 1.24034428528072, "epochs": 19, "_timestamp": 1678279283.2909224, "_runtime": 384.5562014579773, "_step": 19, "_wandb": {"runtime": 384}}