{"accuracy_train": 65.89814814814815, "accuracy_validation": 64.53333333333333, "loss_train": 0.8274386320299807, "cost_validation": 0.8527597797115917, "epochs": 39, "_timestamp": 1677840650.1752872, "_runtime": 784.70063829422, "_step": 39, "_wandb": {"runtime": 784}}