{"accuracy_train": 88.35925925925926, "accuracy_validation": 85.39999999999999, "loss_train": 0.3252341305355016, "cost_validation": 0.4328313927157176, "epochs": 9, "_timestamp": 1678397143.6118844, "_runtime": 74.42817425727844, "_step": 9, "_wandb": {"runtime": 74}}