{"accuracy_train": 82.91851851851851, "accuracy_validation": 81.93333333333334, "loss_train": 0.5395867731674789, "cost_validation": 0.5793423633475467, "epochs": 9, "_timestamp": 1678099535.4774282, "_runtime": 255.78089022636414, "_step": 9, "_wandb": {"runtime": 255}}