{"accuracy_train": 69.42777777777778, "accuracy_validation": 68.66666666666667, "loss_train": 4.207173594715042, "cost_validation": 4.358581510900938, "epochs": 39, "_timestamp": 1677972279.336959, "_runtime": 50.559727907180786, "_step": 39, "_wandb": {"runtime": 50}}