{"accuracy_train": 11.883333333333333, "accuracy_validation": 12.333333333333334, "loss_train": 4.554367372631451, "cost_validation": 4.56052613939303, "epochs": 39, "_timestamp": 1677847572.6125207, "_runtime": 75.72618579864502, "_step": 39, "_wandb": {"runtime": 75}}