{"accuracy_train": 43.46111111111111, "accuracy_validation": 43.36666666666667, "loss_train": 1.539690802582458, "cost_validation": 1.5480232641225007, "epochs": 9, "_timestamp": 1678274756.9299273, "_runtime": 24.074756383895874, "_step": 9, "_wandb": {"runtime": 23}}