{"accuracy_train": 85.0425925925926, "accuracy_validation": 83.81666666666666, "loss_train": 0.4333071716198541, "cost_validation": 0.46930771308225405, "epochs": 9, "_timestamp": 1678269285.6868649, "_runtime": 30.652551889419556, "_step": 9, "_wandb": {"runtime": 30}}