{"accuracy_train": 39.992592592592594, "accuracy_validation": 39.7, "loss_train": 1.447511442809997, "cost_validation": 1.4619027150089052, "epochs": 9, "_timestamp": 1677788509.0749133, "_runtime": 48.354432344436646, "_step": 9, "_wandb": {"runtime": 47}}