{"accuracy_train": 9.85, "accuracy_validation": 9.766666666666666, "loss_train": 3.6910779788530395, "cost_validation": 7.654051670369675, "epochs": 19, "_timestamp": 1677763899.7536404, "_runtime": 46.79216647148132, "_step": 19, "_wandb": {"runtime": 46}}