{"accuracy_train": 54.120370370370374, "accuracy_validation": 53.300000000000004, "loss_train": 1.201244591413118, "cost_validation": 1.2096945948866122, "epochs": 9, "_timestamp": 1678021365.72279, "_runtime": 143.82818603515625, "_step": 9, "_wandb": {"runtime": 143}}