{"accuracy_train": 31.807407407407407, "accuracy_validation": 31.483333333333334, "loss_train": 7.102647601985764, "cost_validation": 7.126929293905801, "epochs": 9, "_timestamp": 1678262432.5424047, "_runtime": 28.152186632156372, "_step": 9, "_wandb": {"runtime": 27}}