{"accuracy_train": 63.85925925925926, "accuracy_validation": 63.23333333333333, "loss_train": 4.058722222222222, "cost_validation": 4.019, "epochs": 9, "_timestamp": 1678014369.5805323, "_runtime": 28.020952224731445, "_step": 9, "_wandb": {"runtime": 27}}