{"accuracy_train": 10.092592592592593, "accuracy_validation": 9.166666666666666, "loss_train": 21127392000.00029, "cost_validation": 262512000.00261694, "epochs": 39, "_timestamp": 1678259751.3247337, "_runtime": 167.0044767856598, "_step": 39, "_wandb": {"runtime": 166}}