{"accuracy_train": 74.22222222222223, "accuracy_validation": 72.85000000000001, "loss_train": 0.7436172968298096, "cost_validation": 0.7755057072724317, "epochs": 9, "_timestamp": 1678273843.617478, "_runtime": 32.90576696395874, "_step": 9, "_wandb": {"runtime": 32}}