{"accuracy_train": 46.09814814814815, "accuracy_validation": 46.7, "loss_train": 6.015196397708969, "cost_validation": 5.893235197118133, "epochs": 9, "_timestamp": 1678013873.099402, "_runtime": 38.304271936416626, "_step": 9, "_wandb": {"runtime": 37}}