{"accuracy_train": 73.67037037037038, "accuracy_validation": 72.83333333333334, "loss_train": 3.137648418306442, "cost_validation": 3.202835764757975, "epochs": 9, "_timestamp": 1678018854.9199936, "_runtime": 29.40191674232483, "_step": 9, "_wandb": {"runtime": 29}}