{"accuracy_train": 28.55740740740741, "accuracy_validation": 28.833333333333332, "loss_train": 2.045375857369428, "cost_validation": 2.0406533257900072, "epochs": 9, "_timestamp": 1678018730.50236, "_runtime": 34.313212156295776, "_step": 9, "_wandb": {"runtime": 33}}