{"accuracy_train": 56.946296296296296, "accuracy_validation": 56.25, "loss_train": 1.2760048275066818, "cost_validation": 1.2855670994220054, "epochs": 19, "_timestamp": 1677980129.1762443, "_runtime": 394.2033712863922, "_step": 19, "_wandb": {"runtime": 393}}