{"accuracy_train": 48.044444444444444, "accuracy_validation": 46.733333333333334, "loss_train": 1.2440860205964681, "cost_validation": 1.244694898896937, "epochs": 9, "_timestamp": 1677828946.7475824, "_runtime": 183.36532354354858, "_step": 9, "_wandb": {"runtime": 182}}