{"accuracy_train": 86.27592592592592, "accuracy_validation": 84.63333333333334, "loss_train": 0.3898037809754509, "cost_validation": 0.5079601669935698, "epochs": 9, "_timestamp": 1678388571.0627208, "_runtime": 150.79497265815735, "_step": 9, "_wandb": {"runtime": 150}}