{"accuracy_train": 73.14074074074074, "accuracy_validation": 72.6, "loss_train": 0.7602000615846748, "cost_validation": 0.7870047033118636, "epochs": 19, "_timestamp": 1678355646.8320663, "_runtime": 37.91609025001526, "_step": 19, "_wandb": {"runtime": 37}}