{"accuracy_train": 40.65740740740741, "accuracy_validation": 39.83333333333333, "loss_train": 1.3898615916735062, "cost_validation": 1.3976602000979874, "epochs": 9, "_timestamp": 1677789528.256295, "_runtime": 37.10031294822693, "_step": 9, "_wandb": {"runtime": 36}}