{"accuracy_train": 84.82037037037037, "accuracy_validation": 83.18333333333334, "loss_train": 0.43387743496774883, "cost_validation": 0.4795875458599781, "epochs": 39, "_timestamp": 1677869384.8563712, "_runtime": 595.2922382354736, "_step": 39, "_wandb": {"runtime": 594}}