{"accuracy_train": 10.024074074074074, "accuracy_validation": 9.783333333333333, "loss_train": 2.303624451130741, "cost_validation": 2.3036415742796006, "epochs": 9, "_timestamp": 1677840736.658241, "_runtime": 51.84041213989258, "_step": 9, "_wandb": {"runtime": 51}}