{"accuracy_train": 86.82037037037037, "accuracy_validation": 85.16666666666667, "loss_train": 0.36332002178728734, "cost_validation": 0.4176780075176437, "epochs": 9, "_timestamp": 1678027437.9130309, "_runtime": 123.13993883132935, "_step": 9, "_wandb": {"runtime": 122}}