{"accuracy_train": 84.33888888888889, "accuracy_validation": 83.05, "loss_train": 0.4767553858920679, "cost_validation": 0.5288453474316963, "epochs": 19, "_timestamp": 1678106764.9491472, "_runtime": 198.58083820343018, "_step": 19, "_wandb": {"runtime": 198}}