{"accuracy_train": 91.0537037037037, "accuracy_validation": 86.86666666666667, "loss_train": 0.2587425427759635, "cost_validation": 0.6012433902633475, "epochs": 39, "_timestamp": 1678387750.5859203, "_runtime": 254.63162541389465, "_step": 39, "_wandb": {"runtime": 254}}