{"accuracy_train": 60.77037037037037, "accuracy_validation": 59.93333333333334, "loss_train": 0.9825910070298473, "cost_validation": 1.0121819728577768, "epochs": 9, "_timestamp": 1677825965.2585163, "_runtime": 128.53078842163086, "_step": 9, "_wandb": {"runtime": 127}}