{"accuracy_train": 52.86296296296297, "accuracy_validation": 51.76666666666667, "loss_train": 1.1621403692322254, "cost_validation": 1.1862632374938653, "epochs": 9, "_timestamp": 1677823695.8301811, "_runtime": 99.19678115844727, "_step": 9, "_wandb": {"runtime": 98}}