{"accuracy_train": 45.422222222222224, "accuracy_validation": 44.11666666666667, "loss_train": 1.3260692130849314, "cost_validation": 1.3465847264935602, "epochs": 9, "_timestamp": 1677830031.221803, "_runtime": 48.33634305000305, "_step": 9, "_wandb": {"runtime": 47}}