{"accuracy_train": 48.279629629629625, "accuracy_validation": 47.71666666666667, "loss_train": 1.3070278891354594, "cost_validation": 1.3223190112856098, "epochs": 9, "_timestamp": 1677787653.4483032, "_runtime": 27.215334177017212, "_step": 9, "_wandb": {"runtime": 26}}