{"accuracy_train": 78.21296296296296, "accuracy_validation": 78.0, "loss_train": 0.5834124771557972, "cost_validation": 0.5893170734978073, "epochs": 39, "_timestamp": 1678271720.9400103, "_runtime": 115.05114340782166, "_step": 39, "_wandb": {"runtime": 114}}