{"accuracy_train": 8.283333333333333, "accuracy_validation": 8.25, "loss_train": 2.817761499949962, "cost_validation": 2.8147492271406653, "epochs": 19, "_timestamp": 1677975504.5157351, "_runtime": 34.62935924530029, "_step": 19, "_wandb": {"runtime": 34}}