{"accuracy_train": 89.81481481481481, "accuracy_validation": 86.1, "loss_train": 0.3196459040079968, "cost_validation": 0.556434179042535, "epochs": 19, "_timestamp": 1678382032.6353228, "_runtime": 323.9493958950043, "_step": 19, "_wandb": {"runtime": 323}}