{"accuracy_train": 33.650000000000006, "accuracy_validation": 33.46666666666667, "loss_train": 9.040657938816462, "cost_validation": 8.856421449348167, "epochs": 9, "_timestamp": 1678013927.0404289, "_runtime": 38.520689964294434, "_step": 9, "_wandb": {"runtime": 38}}