{"accuracy_train": 50.687037037037044, "accuracy_validation": 49.983333333333334, "loss_train": 1.4189916726184455, "cost_validation": 1.449873624160819, "epochs": 9, "_timestamp": 1677866344.102282, "_runtime": 37.23251414299011, "_step": 9, "_wandb": {"runtime": 31}}