{"accuracy_train": 67.05740740740741, "accuracy_validation": 66.10000000000001, "loss_train": 1.1109133620703981, "cost_validation": 1.1499990922530967, "epochs": 19, "_timestamp": 1678014534.3361304, "_runtime": 64.8440682888031, "_step": 19, "_wandb": {"runtime": 64}}