{"accuracy_train": 88.7388888888889, "accuracy_validation": 86.26666666666667, "loss_train": 0.30525372619213287, "cost_validation": 0.37843854429986196, "epochs": 19, "_timestamp": 1678350125.4499428, "_runtime": 52.68872284889221, "_step": 19, "_wandb": {"runtime": 52}}