{"accuracy_train": 50.12592592592593, "accuracy_validation": 48.233333333333334, "loss_train": 1.3447669860287488, "cost_validation": 1.359722710845749, "epochs": 19, "_timestamp": 1677870725.7237432, "_runtime": 126.67743730545044, "_step": 19, "_wandb": {"runtime": 126}}