{"accuracy_train": 88.48148148148148, "accuracy_validation": 85.16666666666667, "loss_train": 0.538040892730931, "cost_validation": 0.7783193643719711, "epochs": 19, "_timestamp": 1678358524.2499037, "_runtime": 184.10129857063293, "_step": 19, "_wandb": {"runtime": 183}}