{"accuracy_train": 78.37592592592593, "accuracy_validation": 77.41666666666667, "loss_train": 0.6032443429590861, "cost_validation": 0.6376588762566868, "epochs": 9, "_timestamp": 1678397872.3225965, "_runtime": 289.869416475296, "_step": 9, "_wandb": {"runtime": 289}}