{"accuracy_train": 70.28703703703704, "accuracy_validation": 69.86666666666666, "loss_train": 0.8301245360452728, "cost_validation": 0.8390669109660078, "epochs": 19, "_timestamp": 1678262218.5696645, "_runtime": 61.93842840194702, "_step": 19, "_wandb": {"runtime": 61}}