{"accuracy_train": 79.2962962962963, "accuracy_validation": 77.83333333333333, "loss_train": 0.6174174994488177, "cost_validation": 0.683141044963801, "epochs": 19, "_timestamp": 1678344009.2404153, "_runtime": 77.33391833305359, "_step": 19, "_wandb": {"runtime": 76}}