{"accuracy_train": 82.71481481481482, "accuracy_validation": 81.85, "loss_train": 2.0926874569984855, "cost_validation": 2.2563537796530335, "epochs": 19, "_timestamp": 1677999858.607439, "_runtime": 94.74532413482666, "_step": 19, "_wandb": {"runtime": 94}}