{"accuracy_train": 84.39629629629628, "accuracy_validation": 82.45, "loss_train": 0.45074347855604663, "cost_validation": 0.5278283004246387, "epochs": 9, "_timestamp": 1678027149.0402572, "_runtime": 85.34193325042725, "_step": 9, "_wandb": {"runtime": 84}}