{"accuracy_train": 84.53518518518518, "accuracy_validation": 83.13333333333334, "loss_train": 0.5356425558859204, "cost_validation": 0.5908298479287573, "epochs": 9, "_timestamp": 1678351805.2636786, "_runtime": 37.81657266616821, "_step": 9, "_wandb": {"runtime": 37}}