{"accuracy_train": 79.11666666666667, "accuracy_validation": 77.38333333333334, "loss_train": 0.7118943322687523, "cost_validation": 0.7791184088518442, "epochs": 19, "_timestamp": 1678028704.0755649, "_runtime": 257.0490388870239, "_step": 19, "_wandb": {"runtime": 256}}