{"accuracy_train": 66.9, "accuracy_validation": 64.78333333333333, "loss_train": 1.0922535719887196, "cost_validation": 1.1508599852605552, "epochs": 9, "_timestamp": 1678263052.954028, "_runtime": 56.96571898460388, "_step": 9, "_wandb": {"runtime": 56}}