{"accuracy_train": 86.47222222222221, "accuracy_validation": 83.55, "loss_train": 0.6786008372180875, "cost_validation": 0.9264333136123554, "epochs": 9, "_timestamp": 1678358968.9854636, "_runtime": 201.92253470420837, "_step": 9, "_wandb": {"runtime": 201}}