{"accuracy_train": 61.705555555555556, "accuracy_validation": 60.83333333333333, "loss_train": 1.0935371787227657, "cost_validation": 1.1515555273847766, "epochs": 39, "_timestamp": 1677977436.1701014, "_runtime": 291.11622047424316, "_step": 39, "_wandb": {"runtime": 290}}