{"accuracy_train": 63.26481481481482, "accuracy_validation": 62.983333333333334, "loss_train": 1.7603553260310605, "cost_validation": 1.8588597332774923, "epochs": 9, "_timestamp": 1677856843.4750748, "_runtime": 95.01541066169739, "_step": 9, "_wandb": {"runtime": 94}}