{"accuracy_train": 79.18703703703703, "accuracy_validation": 77.16666666666666, "loss_train": 1.2894310151748416, "cost_validation": 1.4825125092518618, "epochs": 9, "_timestamp": 1677837212.2936146, "_runtime": 601.0721657276154, "_step": 9, "_wandb": {"runtime": 600}}