{"accuracy_train": 87.36111111111111, "accuracy_validation": 85.55, "loss_train": 0.35906400410344086, "cost_validation": 0.41084432844192137, "epochs": 19, "_timestamp": 1678104443.3454044, "_runtime": 331.36830949783325, "_step": 19, "_wandb": {"runtime": 330}}