{"accuracy_train": 86.35925925925926, "accuracy_validation": 84.66666666666667, "loss_train": 0.38965614336854376, "cost_validation": 0.4469259718198685, "epochs": 19, "_timestamp": 1678027050.5881586, "_runtime": 83.53876256942749, "_step": 19, "_wandb": {"runtime": 83}}