{"accuracy_train": 79.57407407407408, "accuracy_validation": 78.06666666666666, "loss_train": 0.6064977831859599, "cost_validation": 0.6718564549343841, "epochs": 19, "_timestamp": 1678342358.2382312, "_runtime": 81.84579730033875, "_step": 19, "_wandb": {"runtime": 81}}