{"accuracy_train": 82.43148148148148, "accuracy_validation": 81.69999999999999, "loss_train": 0.49834381070693984, "cost_validation": 0.5180551267197785, "epochs": 19, "_timestamp": 1678269596.7766237, "_runtime": 31.28219175338745, "_step": 19, "_wandb": {"runtime": 30}}