{"accuracy_train": 87.43148148148148, "accuracy_validation": 84.58333333333333, "loss_train": 0.3576227580279257, "cost_validation": 0.4629122119385568, "epochs": 39, "_timestamp": 1677996738.6904933, "_runtime": 108.79200339317322, "_step": 39, "_wandb": {"runtime": 108}}