{"accuracy_train": 97.05925925925925, "accuracy_validation": 96.41666666666666, "loss_train": 0.09478992135282967, "cost_validation": 0.10960961548182675, "epochs": 19, "_timestamp": 1678616714.1554153, "_runtime": 181.43829917907715, "_step": 19, "_wandb": {"runtime": 179}}