{"accuracy_train": 54.93333333333334, "accuracy_validation": 53.666666666666664, "loss_train": 5.098791057294769, "cost_validation": 5.124452848986259, "epochs": 39, "_timestamp": 1678018591.318496, "_runtime": 194.71156406402588, "_step": 39, "_wandb": {"runtime": 194}}