{"accuracy_train": 26.270370370370372, "accuracy_validation": 26.35, "loss_train": 11.232944444444444, "cost_validation": 11.168333333333333, "epochs": 9, "_timestamp": 1677995505.4277108, "_runtime": 31.775707721710205, "_step": 9, "_wandb": {"runtime": 31}}