{"accuracy_train": 84.92962962962963, "accuracy_validation": 82.93333333333334, "loss_train": 0.46040974396302675, "cost_validation": 0.5163544694731633, "epochs": 19, "_timestamp": 1678353380.9467998, "_runtime": 61.76708269119263, "_step": 19, "_wandb": {"runtime": 61}}