{"accuracy_train": 88.47222222222221, "accuracy_validation": 86.5, "loss_train": 0.329382471729544, "cost_validation": 0.38357468251097177, "epochs": 39, "_timestamp": 1677851064.7638242, "_runtime": 136.26429414749146, "_step": 39, "_wandb": {"runtime": 135}}