{"accuracy_train": 84.77037037037037, "accuracy_validation": 82.81666666666668, "loss_train": 0.432695540239728, "cost_validation": 0.4870587790554714, "epochs": 39, "_timestamp": 1678013797.2719731, "_runtime": 12178.713546037674, "_step": 39, "_wandb": {"runtime": 12179}}