{"accuracy_train": 90.04814814814814, "accuracy_validation": 86.98333333333333, "loss_train": 0.2740209822974882, "cost_validation": 0.4213158328275564, "epochs": 19, "_timestamp": 1678625997.5859425, "_runtime": 83.28858351707458, "_step": 19, "_wandb": {"runtime": 82}}