{"accuracy_train": 10.005555555555555, "accuracy_validation": 9.950000000000001, "loss_train": NaN, "cost_validation": NaN, "epochs": 39, "_timestamp": 1677764267.014901, "_runtime": 67.29861497879028, "_step": 39, "_wandb": {"runtime": 66}}