{"accuracy_train": 71.78518518518518, "accuracy_validation": 70.8, "loss_train": 0.7840176624274192, "cost_validation": 0.8023375737857082, "epochs": 39, "_timestamp": 1678276537.465189, "_runtime": 33.64330792427063, "_step": 39, "_wandb": {"runtime": 33}}