{"accuracy_train": 10.005555555555555, "accuracy_validation": 9.950000000000001, "loss_train": NaN, "cost_validation": NaN, "epochs": 19, "_timestamp": 1678263497.5665846, "_runtime": 42.98451066017151, "_step": 19, "_wandb": {"runtime": 42}}