{"accuracy_train": 69.41481481481482, "accuracy_validation": 68.7, "loss_train": 0.8597726242616913, "cost_validation": 0.8735193248221172, "epochs": 9, "_timestamp": 1678264228.9479053, "_runtime": 29.56488823890686, "_step": 9, "_wandb": {"runtime": 29}}