{"accuracy_train": 39.86851851851852, "accuracy_validation": 38.53333333333334, "loss_train": 1.4349221712625537, "cost_validation": 1.4462565205415139, "epochs": 9, "_timestamp": 1677829845.1230283, "_runtime": 32.94676423072815, "_step": 9, "_wandb": {"runtime": 32}}