{"accuracy_train": 49.298148148148144, "accuracy_validation": 47.85, "loss_train": 1.2483026167061142, "cost_validation": 1.277440097168356, "epochs": 9, "_timestamp": 1677823229.7459483, "_runtime": 469.0430762767792, "_step": 9, "_wandb": {"runtime": 468}}