{"accuracy_train": 93.2611111111111, "accuracy_validation": 93.38333333333333, "loss_train": 0.21974036766440536, "cost_validation": 0.22312025486373124, "epochs": 9, "_timestamp": 1678550825.1340475, "_runtime": 238.10325145721436, "_step": 9, "_wandb": {"runtime": 237}}