{"accuracy_train": 81.97962962962963, "accuracy_validation": 81.35, "loss_train": 0.4871400746066841, "cost_validation": 0.5090309228019819, "epochs": 9, "_timestamp": 1678406655.5879216, "_runtime": 59.92912173271179, "_step": 9, "_wandb": {"runtime": 59}}