{"accuracy_train": 9.97962962962963, "accuracy_validation": 10.183333333333334, "loss_train": 4.830631935763714, "cost_validation": 5.492592377673657, "epochs": 39, "_timestamp": 1677769585.2663186, "_runtime": 4816.467766523361, "_step": 39, "_wandb": {"runtime": 4815}}