{"accuracy_train": 75.44814814814815, "accuracy_validation": 74.15, "loss_train": 0.6902789687132042, "cost_validation": 0.7284758752670236, "epochs": 19, "_timestamp": 1678356841.9726384, "_runtime": 65.0135223865509, "_step": 19, "_wandb": {"runtime": 64}}