{"accuracy_train": 88.46111111111111, "accuracy_validation": 85.96666666666667, "loss_train": 0.3212965984822429, "cost_validation": 0.4243267057367151, "epochs": 9, "_timestamp": 1678406580.5141582, "_runtime": 44.151583194732666, "_step": 9, "_wandb": {"runtime": 43}}