{"accuracy_train": 43.64074074074074, "accuracy_validation": 43.166666666666664, "loss_train": 1.2740984267332924, "cost_validation": 1.2957400699446144, "epochs": 9, "_timestamp": 1677819880.4451005, "_runtime": 315.9262216091156, "_step": 9, "_wandb": {"runtime": 315}}