{"accuracy_train": 9.953703703703704, "accuracy_validation": 10.433333333333334, "loss_train": 1.8009259259213175, "cost_validation": 1.7913333347600957, "epochs": 19, "_timestamp": 1678394707.9621196, "_runtime": 185.44692063331604, "_step": 19, "_wandb": {"runtime": 184}}