{"accuracy_train": 62.63703703703703, "accuracy_validation": 62.28333333333333, "loss_train": 0.9555046236436929, "cost_validation": 0.9716563260351322, "epochs": 9, "_timestamp": 1677996614.2557256, "_runtime": 41.89024567604065, "_step": 9, "_wandb": {"runtime": 41}}