{"accuracy_train": 83.09814814814814, "accuracy_validation": 82.01666666666667, "loss_train": 0.49528469561612004, "cost_validation": 0.5136845026204132, "epochs": 39, "_timestamp": 1677981408.2923572, "_runtime": 189.60460019111633, "_step": 39, "_wandb": {"runtime": 189}}