{"accuracy_train": 14.888888888888888, "accuracy_validation": 15.133333333333333, "loss_train": 6.534759940020253, "cost_validation": 6.499176069900778, "epochs": 9, "_timestamp": 1677771567.6793056, "_runtime": 69.21432948112488, "_step": 9, "_wandb": {"runtime": 68}}