{"accuracy_train": 73.14074074074074, "accuracy_validation": 72.6, "loss_train": 0.7602000615846748, "cost_validation": 0.7870047033118636, "epochs": 19, "_timestamp": 1678356952.8552554, "_runtime": 39.429277420043945, "_step": 19, "_wandb": {"runtime": 38}}