{"accuracy_train": 28.825925925925926, "accuracy_validation": 28.666666666666668, "loss_train": 7.293944444444445, "cost_validation": 7.363166666666666, "epochs": 39, "_timestamp": 1677994895.4529676, "_runtime": 171.54800367355347, "_step": 39, "_wandb": {"runtime": 171}}