{"accuracy_train": 73.92037037037036, "accuracy_validation": 72.61666666666666, "loss_train": 0.7895379635746859, "cost_validation": 0.8337456715262581, "epochs": 19, "_timestamp": 1677852857.8746998, "_runtime": 945.522421836853, "_step": 19, "_wandb": {"runtime": 945}}