{"accuracy_train": 76.79814814814814, "accuracy_validation": 75.83333333333333, "loss_train": 0.8342607257945899, "cost_validation": 0.866507711213981, "epochs": 39, "_timestamp": 1677773675.020141, "_runtime": 198.28621697425842, "_step": 39, "_wandb": {"runtime": 197}}