{"accuracy_train": 34.983333333333334, "accuracy_validation": 35.5, "loss_train": 8.594334845961045, "cost_validation": 8.71434694698274, "epochs": 9, "_timestamp": 1678019186.3059824, "_runtime": 42.798431396484375, "_step": 9, "_wandb": {"runtime": 42}}