{"accuracy_train": 10.005555555555555, "accuracy_validation": 9.950000000000001, "loss_train": NaN, "cost_validation": NaN, "epochs": 19, "_timestamp": 1678263241.6482697, "_runtime": 75.63319063186646, "_step": 19, "_wandb": {"runtime": 75}}