{"accuracy_train": 44.675925925925924, "accuracy_validation": 43.3, "loss_train": 1.2326013943524794, "cost_validation": 1.249168326660273, "epochs": 9, "_timestamp": 1677823831.3032153, "_runtime": 117.63744115829468, "_step": 9, "_wandb": {"runtime": 117}}