{"accuracy_train": 10.005555555555555, "accuracy_validation": 9.950000000000001, "loss_train": NaN, "cost_validation": NaN, "epochs": 4, "_timestamp": 1677773290.0630844, "_runtime": 96.16674327850342, "_step": 4, "_wandb": {"runtime": 95}}