{"accuracy_train": 53.96296296296297, "accuracy_validation": 53.0, "loss_train": NaN, "cost_validation": NaN, "epochs": 19, "_timestamp": 1677870038.8719473, "_runtime": 101.03765940666199, "_step": 19, "_wandb": {"runtime": 100}}