{"accuracy_train": 73.25185185185185, "accuracy_validation": 72.93333333333332, "loss_train": 0.8752293052768921, "cost_validation": 0.9003925793829585, "epochs": 19, "_timestamp": 1677773410.5692115, "_runtime": 101.67444252967834, "_step": 19, "_wandb": {"runtime": 100}}