{"accuracy_train": 85.65, "accuracy_validation": 83.53333333333333, "loss_train": 0.40598368558699427, "cost_validation": 0.527882538342242, "epochs": 9, "_timestamp": 1678406140.9080024, "_runtime": 51.96591329574585, "_step": 9, "_wandb": {"runtime": 51}}