{"accuracy_train": 87.36111111111111, "accuracy_validation": 85.55, "loss_train": 0.35906400410344086, "cost_validation": 0.41084432844192137, "epochs": 19, "_timestamp": 1678383943.7595394, "_runtime": 224.15611743927002, "_step": 19, "_wandb": {"runtime": 223}}