{"accuracy_train": 57.08333333333333, "accuracy_validation": 56.53333333333334, "loss_train": 1.294757355065247, "cost_validation": 1.2955637374604458, "epochs": 39, "_timestamp": 1677763271.7093809, "_runtime": 141.4875409603119, "_step": 39, "_wandb": {"runtime": 141}}