{"accuracy_train": 77.90370370370371, "accuracy_validation": 76.83333333333333, "loss_train": 0.7760370486488429, "cost_validation": 0.8181957622232245, "epochs": 9, "_timestamp": 1677857682.6431267, "_runtime": 39.375388622283936, "_step": 9, "_wandb": {"runtime": 38}}