{"accuracy_train": 10.005555555555555, "accuracy_validation": 9.950000000000001, "loss_train": NaN, "cost_validation": NaN, "epochs": 9, "_timestamp": 1677769658.131765, "_runtime": 30.848261833190918, "_step": 9, "_wandb": {"runtime": 30}}