{"accuracy_train": 52.1074074074074, "accuracy_validation": 51.16666666666667, "loss_train": 1.396992468023431, "cost_validation": 1.4314246751863207, "epochs": 9, "_timestamp": 1677978789.9028246, "_runtime": 28.9091055393219, "_step": 9, "_wandb": {"runtime": 28}}