{"accuracy_train": 82.91851851851851, "accuracy_validation": 81.93333333333334, "loss_train": 0.5393564273990499, "cost_validation": 0.5793423633475467, "epochs": 9, "_timestamp": 1678380591.7347996, "_runtime": 184.92299556732178, "_step": 9, "_wandb": {"runtime": 184}}