{"accuracy_train": 86.8111111111111, "accuracy_validation": 85.55, "loss_train": 0.36383660876403895, "cost_validation": 0.41635117882681205, "epochs": 9, "_timestamp": 1678355515.3500173, "_runtime": 37.164597272872925, "_step": 9, "_wandb": {"runtime": 36}}