{"accuracy_train": 74.2574074074074, "accuracy_validation": 72.98333333333333, "loss_train": 0.6966180338205432, "cost_validation": 0.7272574613559809, "epochs": 39, "_timestamp": 1677999695.6659114, "_runtime": 171.7360725402832, "_step": 39, "_wandb": {"runtime": 171}}