{"accuracy_train": 10.005555555555555, "accuracy_validation": 9.950000000000001, "loss_train": NaN, "cost_validation": NaN, "epochs": 19, "_timestamp": 1677772261.039951, "_runtime": 503.2110171318054, "_step": 19, "_wandb": {"runtime": 502}}