{"accuracy_train": 80.47777777777779, "accuracy_validation": 78.73333333333333, "loss_train": 1.5963059928347962, "cost_validation": 1.8194786163432828, "epochs": 39, "_timestamp": 1677867963.8287687, "_runtime": 149.70249366760254, "_step": 39, "_wandb": {"runtime": 148}}