{"accuracy_train": 84.02037037037037, "accuracy_validation": 83.39999999999999, "loss_train": 0.47731067373216485, "cost_validation": 0.4974241624870588, "epochs": 19, "_timestamp": 1677973564.1975832, "_runtime": 316.32540011405945, "_step": 19, "_wandb": {"runtime": 315}}