{"accuracy_train": 90.68518518518518, "accuracy_validation": 86.43333333333332, "loss_train": 0.26888222991339406, "cost_validation": 0.6170115494856939, "epochs": 39, "_timestamp": 1678134598.6576998, "_runtime": 347.507239818573, "_step": 39, "_wandb": {"runtime": 347}}