{"accuracy_train": 90.04444444444445, "accuracy_validation": 87.2, "loss_train": 1.4125185185185185, "cost_validation": 1.753, "epochs": 19, "_timestamp": 1678240994.4258106, "_runtime": 139.96244263648987, "_step": 19, "_wandb": {"runtime": 139}}