{"accuracy_train": 18.548148148148147, "accuracy_validation": 18.45, "loss_train": 2.508642477746211, "cost_validation": 2.5076911326861455, "epochs": 19, "_timestamp": 1678273795.8957598, "_runtime": 27.439496755599976, "_step": 19, "_wandb": {"runtime": 26}}