{"accuracy_train": 30.474074074074075, "accuracy_validation": 31.4, "loss_train": 2.257725930870768, "cost_validation": 2.2567882383641957, "epochs": 9, "_timestamp": 1677763731.4101427, "_runtime": 44.64392971992493, "_step": 9, "_wandb": {"runtime": 44}}