{"accuracy_train": 88.70370370370371, "accuracy_validation": 86.26666666666667, "loss_train": 0.32444095905918113, "cost_validation": 0.4359219386856007, "epochs": 9, "_timestamp": 1678105183.769307, "_runtime": 143.0439019203186, "_step": 9, "_wandb": {"runtime": 142}}