{"accuracy_train": 86.65555555555555, "accuracy_validation": 85.11666666666666, "loss_train": 0.43727691989955964, "cost_validation": 0.5212887363141625, "epochs": 9, "_timestamp": 1678263561.0379806, "_runtime": 50.24220156669617, "_step": 9, "_wandb": {"runtime": 49}}