{"accuracy_train": 86.47962962962963, "accuracy_validation": 85.28333333333333, "loss_train": 0.3710721144989241, "cost_validation": 0.42223434627296136, "epochs": 9, "_timestamp": 1678406458.618868, "_runtime": 33.67896604537964, "_step": 9, "_wandb": {"runtime": 33}}