{"accuracy_train": 86.3462962962963, "accuracy_validation": 84.26666666666667, "loss_train": 0.38106704967023025, "cost_validation": 0.4302240883366206, "epochs": 19, "_timestamp": 1678030093.5319483, "_runtime": 165.6076123714447, "_step": 19, "_wandb": {"runtime": 165}}