{"accuracy_train": 75.26851851851852, "accuracy_validation": 74.56666666666666, "loss_train": 0.8408842956948841, "cost_validation": 0.8821000601890219, "epochs": 19, "_timestamp": 1677976622.1403313, "_runtime": 33.586660385131836, "_step": 19, "_wandb": {"runtime": 33}}