{"accuracy_train": 64.43148148148148, "accuracy_validation": 63.53333333333333, "loss_train": 1.0768217099494464, "cost_validation": 1.0957486436489325, "epochs": 9, "_timestamp": 1678273944.5708957, "_runtime": 21.299553632736206, "_step": 9, "_wandb": {"runtime": 20}}