{"accuracy_train": 85.99074074074075, "accuracy_validation": 84.33333333333334, "loss_train": 0.41165363434911967, "cost_validation": 0.47996160916598574, "epochs": 19, "_timestamp": 1678049953.8289812, "_runtime": 259.1195032596588, "_step": 19, "_wandb": {"runtime": 258}}