{"accuracy_train": 38.0, "accuracy_validation": 38.46666666666667, "loss_train": 1.3713915580740197, "cost_validation": 1.3764630419714712, "epochs": 9, "_timestamp": 1678281748.9070687, "_runtime": 29.559979677200317, "_step": 9, "_wandb": {"runtime": 28}}