{"accuracy_train": 76.80925925925925, "accuracy_validation": 75.88333333333334, "loss_train": 0.6608052734313253, "cost_validation": 0.6897936578447442, "epochs": 19, "_timestamp": 1677970665.494183, "_runtime": 675.4736731052399, "_step": 19, "_wandb": {"runtime": 675}}