{"accuracy_train": 86.72222222222223, "accuracy_validation": 85.5, "loss_train": 0.3958106343234381, "cost_validation": 0.4812494598294776, "epochs": 9, "_timestamp": 1678351577.2308357, "_runtime": 103.35980868339539, "_step": 9, "_wandb": {"runtime": 102}}