{"accuracy_train": 89.45185185185184, "accuracy_validation": 86.78333333333333, "loss_train": 0.30024794556175555, "cost_validation": 0.44294740273089384, "epochs": 14, "_timestamp": 1678393778.465196, "_runtime": 138.50440096855164, "_step": 14, "_wandb": {"runtime": 138}}