{"accuracy_train": 85.12222222222222, "accuracy_validation": 83.2, "loss_train": 0.46942856923378484, "cost_validation": 0.607779593317244, "epochs": 14, "_timestamp": 1678398700.385764, "_runtime": 138.97145581245422, "_step": 14, "_wandb": {"runtime": 138}}