{"accuracy_train": 91.17592592592592, "accuracy_validation": 86.61666666666666, "loss_train": 0.2436112837423793, "cost_validation": 0.5215382647075226, "epochs": 39, "_timestamp": 1678137021.984255, "_runtime": 150.36659216880798, "_step": 39, "_wandb": {"runtime": 149}}