{"accuracy_train": 85.77962962962962, "accuracy_validation": 83.83333333333334, "loss_train": 0.4121267568210118, "cost_validation": 0.46304549635541503, "epochs": 19, "_timestamp": 1678107726.8031101, "_runtime": 184.27132105827332, "_step": 19, "_wandb": {"runtime": 183}}