{"accuracy_train": 51.577777777777776, "accuracy_validation": 51.4, "loss_train": 1.3989628826104055, "cost_validation": 1.3956076501069767, "epochs": 39, "_timestamp": 1678266823.424867, "_runtime": 56.42853879928589, "_step": 39, "_wandb": {"runtime": 55}}