{"accuracy_train": 63.34444444444445, "accuracy_validation": 62.133333333333326, "loss_train": 0.8775605787513652, "cost_validation": 0.9028586233510261, "epochs": 39, "_timestamp": 1677837370.6738768, "_runtime": 77.99205470085144, "_step": 39, "_wandb": {"runtime": 77}}