{"accuracy_train": 83.71296296296296, "accuracy_validation": 82.73333333333333, "loss_train": 0.46704148715544963, "cost_validation": 0.4923891976485471, "epochs": 39, "_timestamp": 1677850372.2504773, "_runtime": 1180.2520763874054, "_step": 39, "_wandb": {"runtime": 1179}}