{"accuracy_train": 61.93518518518518, "accuracy_validation": 61.199999999999996, "loss_train": 1.3095912396413447, "cost_validation": 1.3159791398376763, "epochs": 9, "_timestamp": 1677847021.9784734, "_runtime": 37.458945512771606, "_step": 9, "_wandb": {"runtime": 37}}