{"accuracy_train": 65.68703703703703, "accuracy_validation": 64.11666666666666, "loss_train": 3.891111111111111, "cost_validation": 3.8154999999999997, "epochs": 19, "_timestamp": 1678015012.0402093, "_runtime": 62.15916419029236, "_step": 19, "_wandb": {"runtime": 61}}