{"accuracy_train": 10.005555555555555, "accuracy_validation": 9.950000000000001, "loss_train": 2.875249724373323, "cost_validation": 2.866876757839401, "epochs": 19, "_timestamp": 1677764009.1941786, "_runtime": 70.80934858322144, "_step": 19, "_wandb": {"runtime": 70}}