{"accuracy_train": 28.27777777777778, "accuracy_validation": 27.43333333333333, "loss_train": 1.6211159826960715, "cost_validation": 1.6094284849857277, "epochs": 9, "_timestamp": 1677821451.3641114, "_runtime": 390.98931431770325, "_step": 9, "_wandb": {"runtime": 390}}