{"accuracy_train": 64.56851851851852, "accuracy_validation": 62.483333333333334, "loss_train": 0.7942343505717372, "cost_validation": 0.8159678653965358, "epochs": 9, "_timestamp": 1678046690.4973464, "_runtime": 66.26252841949463, "_step": 9, "_wandb": {"runtime": 65}}