{"accuracy_train": 7.712962962962963, "accuracy_validation": 7.616666666666666, "loss_train": 6.136079219056482, "cost_validation": 6.087698350940809, "epochs": 9, "_timestamp": 1678014328.4694507, "_runtime": 30.123316764831543, "_step": 9, "_wandb": {"runtime": 29}}