{"accuracy_train": 89.26481481481481, "accuracy_validation": 86.23333333333333, "loss_train": 0.29745069790488965, "cost_validation": 0.43462867253857884, "epochs": 14, "_timestamp": 1678423365.6055872, "_runtime": 62.554847240448, "_step": 14, "_wandb": {"runtime": 62}}