{"accuracy_train": 87.34074074074074, "accuracy_validation": 85.88333333333334, "loss_train": 0.3547378203610976, "cost_validation": 0.40284289882652163, "epochs": 19, "_timestamp": 1678031431.7602773, "_runtime": 773.4919612407684, "_step": 19, "_wandb": {"runtime": 773}}