{"accuracy_train": 73.64444444444445, "accuracy_validation": 71.05, "loss_train": 0.7212707669265364, "cost_validation": 0.7789019226964763, "epochs": 39, "_timestamp": 1677851228.7572532, "_runtime": 150.04876923561096, "_step": 39, "_wandb": {"runtime": 149}}