{"accuracy_train": 10.005555555555555, "accuracy_validation": 9.950000000000001, "loss_train": NaN, "cost_validation": NaN, "epochs": 39, "_timestamp": 1677749586.3816426, "_runtime": 65.8976526260376, "_step": 39, "_wandb": {"runtime": 63}}