{"accuracy_train": 52.559259259259264, "accuracy_validation": 51.6, "loss_train": 5.062790960212949, "cost_validation": 5.167451975249872, "epochs": 9, "_timestamp": 1677981608.5545907, "_runtime": 38.090744733810425, "_step": 9, "_wandb": {"runtime": 37}}