{"accuracy_train": 8.91851851851852, "accuracy_validation": 9.2, "loss_train": 20.30027800252474, "cost_validation": 20.277168689389317, "epochs": 9, "_timestamp": 1677983847.4141412, "_runtime": 30.830013275146484, "_step": 9, "_wandb": {"runtime": 30}}