{"accuracy_train": 33.56666666666667, "accuracy_validation": 32.4, "loss_train": 1.5476980158909723, "cost_validation": 1.5392854553044137, "epochs": 9, "_timestamp": 1677827296.6799707, "_runtime": 802.1476397514343, "_step": 9, "_wandb": {"runtime": 801}}