{"accuracy_train": 84.1351851851852, "accuracy_validation": 82.91666666666667, "loss_train": 0.43943535133581907, "cost_validation": 0.4761195235172931, "epochs": 9, "_timestamp": 1678020976.264729, "_runtime": 96.94373512268066, "_step": 9, "_wandb": {"runtime": 96}}