{"accuracy_train": 9.955555555555556, "accuracy_validation": 10.433333333333334, "loss_train": 1.8008888888850607, "cost_validation": 1.7913333333297508, "epochs": 14, "_timestamp": 1678394171.5209115, "_runtime": 107.57549357414246, "_step": 14, "_wandb": {"runtime": 107}}