{"accuracy_train": 71.38703703703703, "accuracy_validation": 70.1, "loss_train": 3.4809665412244124, "cost_validation": 3.719032204353045, "epochs": 39, "_timestamp": 1677983235.4656813, "_runtime": 192.4642894268036, "_step": 39, "_wandb": {"runtime": 192}}