{"accuracy_train": 58.266666666666666, "accuracy_validation": 57.199999999999996, "loss_train": 9.56485840128267, "cost_validation": 9.809284855453772, "epochs": 9, "_timestamp": 1678269551.2073486, "_runtime": 23.78796362876892, "_step": 9, "_wandb": {"runtime": 23}}