{"accuracy_train": 78.04629629629629, "accuracy_validation": 76.43333333333334, "loss_train": 0.710381240342594, "cost_validation": 0.7605618304381898, "epochs": 9, "_timestamp": 1677856032.6549244, "_runtime": 318.19845032691956, "_step": 9, "_wandb": {"runtime": 317}}