{"accuracy_train": 83.43148148148148, "accuracy_validation": 82.35, "loss_train": 0.4538047936414694, "cost_validation": 0.4859876178332823, "epochs": 9, "_timestamp": 1677997901.8697011, "_runtime": 216.0809850692749, "_step": 9, "_wandb": {"runtime": 215}}