{"accuracy_train": 85.55740740740741, "accuracy_validation": 83.93333333333334, "loss_train": 0.4338402180161181, "cost_validation": 0.4921872441112963, "epochs": 19, "_timestamp": 1678382593.5587606, "_runtime": 283.078266620636, "_step": 19, "_wandb": {"runtime": 282}}