{"accuracy_train": 92.91481481481482, "accuracy_validation": 86.41666666666666, "loss_train": 0.2009006524065453, "cost_validation": 0.6415211086405266, "epochs": 39, "_timestamp": 1678137636.7877595, "_runtime": 412.7530505657196, "_step": 39, "_wandb": {"runtime": 412}}