{"accuracy_train": 90.10925925925926, "accuracy_validation": 87.25, "loss_train": 0.27819804950355104, "cost_validation": 0.4702138391845886, "epochs": 19, "_timestamp": 1678132714.9872694, "_runtime": 158.5502643585205, "_step": 19, "_wandb": {"runtime": 158}}