{"accuracy_train": 79.11481481481482, "accuracy_validation": 78.23333333333333, "loss_train": 0.600619522959678, "cost_validation": 0.6165296903017964, "epochs": 9, "_timestamp": 1677872930.3055494, "_runtime": 125.39382243156433, "_step": 9, "_wandb": {"runtime": 124}}