{"accuracy_train": 13.024074074074074, "accuracy_validation": 12.933333333333334, "loss_train": 12.119808920090767, "cost_validation": 12.293311001931034, "epochs": 9, "_timestamp": 1678261771.9528503, "_runtime": 35.84762930870056, "_step": 9, "_wandb": {"runtime": 35}}