{"accuracy_train": 82.43333333333334, "accuracy_validation": 80.93333333333334, "loss_train": 0.5215754846656665, "cost_validation": 0.5679253771977609, "epochs": 19, "_timestamp": 1678348433.743544, "_runtime": 63.23949408531189, "_step": 19, "_wandb": {"runtime": 62}}