{"accuracy_train": 86.51481481481481, "accuracy_validation": 84.53333333333333, "loss_train": 0.5180098562641225, "cost_validation": 0.6632051806974776, "epochs": 9, "_timestamp": 1678354739.7183373, "_runtime": 51.6618332862854, "_step": 9, "_wandb": {"runtime": 50}}