{"accuracy_train": 87.75, "accuracy_validation": 85.58333333333333, "loss_train": 0.33512921667501705, "cost_validation": 0.4064000181592966, "epochs": 19, "_timestamp": 1678107530.5771105, "_runtime": 236.74802041053772, "_step": 19, "_wandb": {"runtime": 236}}