{"accuracy_train": 75.21296296296296, "accuracy_validation": 73.73333333333333, "loss_train": 0.6866803430778465, "cost_validation": 0.7135328356801667, "epochs": 9, "_timestamp": 1677764338.6331096, "_runtime": 57.979663610458374, "_step": 9, "_wandb": {"runtime": 57}}