{"accuracy_train": 50.06111111111111, "accuracy_validation": 49.233333333333334, "loss_train": 1.2331044260114143, "cost_validation": 1.2271981846083753, "epochs": 9, "_timestamp": 1677820467.3034444, "_runtime": 72.0246593952179, "_step": 9, "_wandb": {"runtime": 71}}