{"accuracy_train": 49.54629629629629, "accuracy_validation": 48.63333333333333, "loss_train": 1.320015303038501, "cost_validation": 1.3410784274638978, "epochs": 19, "_timestamp": 1678267463.4755182, "_runtime": 546.2179942131042, "_step": 19, "_wandb": {"runtime": 545}}