{"accuracy_train": 74.02962962962964, "accuracy_validation": 72.45, "loss_train": 0.7477220310128178, "cost_validation": 0.7940654251547048, "epochs": 9, "_timestamp": 1678350177.5387952, "_runtime": 30.212430238723755, "_step": 9, "_wandb": {"runtime": 29}}