{"accuracy_train": 75.35555555555555, "accuracy_validation": 74.0, "loss_train": 0.7705090377973053, "cost_validation": 0.8199995015150398, "epochs": 19, "_timestamp": 1678046850.1280074, "_runtime": 146.0769762992859, "_step": 19, "_wandb": {"runtime": 145}}