{"accuracy_train": 53.511111111111106, "accuracy_validation": 53.71666666666667, "loss_train": 1.4405880146491463, "cost_validation": 1.4488654653527087, "epochs": 9, "_timestamp": 1677976406.338005, "_runtime": 104.4779109954834, "_step": 9, "_wandb": {"runtime": 104}}