{"accuracy_train": 84.20555555555555, "accuracy_validation": 82.58333333333333, "loss_train": 0.48947166862630714, "cost_validation": 0.5306876222137837, "epochs": 19, "_timestamp": 1678349766.4270508, "_runtime": 71.71545672416687, "_step": 19, "_wandb": {"runtime": 71}}