{"accuracy_train": 52.17407407407407, "accuracy_validation": 51.63333333333333, "loss_train": 1.4374055112683157, "cost_validation": 1.453356053520279, "epochs": 9, "_timestamp": 1678269165.4951947, "_runtime": 198.01346158981323, "_step": 9, "_wandb": {"runtime": 197}}