{"accuracy_train": 87.41296296296296, "accuracy_validation": 85.28333333333333, "loss_train": 0.35885960707853404, "cost_validation": 0.41183798514163117, "epochs": 19, "_timestamp": 1678378784.8490179, "_runtime": 1628.2387537956238, "_step": 19, "_wandb": {"runtime": 1627}}