{"accuracy_train": 68.70925925925926, "accuracy_validation": 67.55, "loss_train": 0.830123199397611, "cost_validation": 0.8526230446677344, "epochs": 19, "_timestamp": 1678040481.3711097, "_runtime": 293.2926867008209, "_step": 19, "_wandb": {"runtime": 292}}