{"accuracy_train": 91.44444444444444, "accuracy_validation": 87.1, "loss_train": 0.232991799740488, "cost_validation": 0.4858306831667573, "epochs": 39, "_timestamp": 1678178894.0924156, "_runtime": 270.90947556495667, "_step": 39, "_wandb": {"runtime": 270}}