{"accuracy_train": 87.12777777777778, "accuracy_validation": 84.89999999999999, "loss_train": NaN, "cost_validation": NaN, "epochs": 12, "_timestamp": 1678098041.1113527, "_runtime": 1376.5158596038818, "_step": 12, "_wandb": {"runtime": 1440}}