{"accuracy_train": 82.55555555555556, "accuracy_validation": 82.15, "loss_train": 0.5133324122751997, "cost_validation": 0.517415542295987, "epochs": 19, "_timestamp": 1678273720.0192125, "_runtime": 65.72082042694092, "_step": 19, "_wandb": {"runtime": 65}}