{"accuracy_train": 82.8, "accuracy_validation": 79.9, "loss_train": 0.4791159157056267, "cost_validation": 0.588243279224957, "epochs": 9, "_timestamp": 1678344514.473301, "_runtime": 43.447721004486084, "_step": 9, "_wandb": {"runtime": 42}}