{"accuracy_train": 84.66296296296296, "accuracy_validation": 83.33333333333334, "loss_train": 0.43060916890087975, "cost_validation": 0.4603309816877967, "epochs": 19, "_timestamp": 1678036409.3886678, "_runtime": 436.90972781181335, "_step": 19, "_wandb": {"runtime": 436}}