{"accuracy_train": 50.78703703703704, "accuracy_validation": 50.349999999999994, "loss_train": 1.4589937617250293, "cost_validation": 1.461188680788916, "epochs": 19, "_timestamp": 1678018908.9844892, "_runtime": 39.99639010429382, "_step": 19, "_wandb": {"runtime": 39}}