{"accuracy_train": 86.07037037037037, "accuracy_validation": 83.81666666666666, "loss_train": 0.3894440127849904, "cost_validation": 0.46019870183418027, "epochs": 19, "_timestamp": 1677867581.101963, "_runtime": 1149.4735989570618, "_step": 19, "_wandb": {"runtime": 1148}}