{"accuracy_train": 87.99814814814815, "accuracy_validation": 86.03333333333333, "loss_train": 0.3281464652111454, "cost_validation": 0.3834493820441456, "epochs": 9, "_timestamp": 1678105760.325305, "_runtime": 129.19115591049194, "_step": 9, "_wandb": {"runtime": 125}}