{"accuracy_train": 57.092592592592595, "accuracy_validation": 55.81666666666667, "loss_train": 1.0479873404029116, "cost_validation": 1.0718436791642334, "epochs": 19, "_timestamp": 1678015115.6880276, "_runtime": 81.65567255020142, "_step": 19, "_wandb": {"runtime": 81}}