{"accuracy_train": 10.005555555555555, "accuracy_validation": 9.950000000000001, "loss_train": NaN, "cost_validation": NaN, "epochs": 39, "_timestamp": 1677762935.5473862, "_runtime": 25.17399311065674, "_step": 39, "_wandb": {"runtime": 24}}