{"accuracy_train": 85.99074074074075, "accuracy_validation": 84.13333333333334, "loss_train": 0.41789099882696695, "cost_validation": 0.48007506641813774, "epochs": 19, "_timestamp": 1678359331.6207557, "_runtime": 122.64913058280945, "_step": 19, "_wandb": {"runtime": 122}}