{"accuracy_train": 88.09629629629629, "accuracy_validation": 86.01666666666667, "loss_train": 0.3257306040586474, "cost_validation": 0.3974485741524505, "epochs": 19, "_timestamp": 1678271788.7873385, "_runtime": 54.105406522750854, "_step": 19, "_wandb": {"runtime": 53}}