{"accuracy_train": 70.9574074074074, "accuracy_validation": 69.78333333333333, "loss_train": 0.8031655258951991, "cost_validation": 0.823216719540038, "epochs": 9, "_timestamp": 1678272515.448799, "_runtime": 29.953186988830566, "_step": 9, "_wandb": {"runtime": 29}}