{"accuracy_train": 98.67962962962963, "accuracy_validation": 97.39999999999999, "loss_train": 0.04747114061220942, "cost_validation": 0.08600326664817286, "epochs": 19, "_timestamp": 1678629334.1851678, "_runtime": 110.91148471832275, "_step": 19, "_wandb": {"runtime": 110}}