{"accuracy_train": 54.19259259259259, "accuracy_validation": 53.766666666666666, "loss_train": 1.4256722993361193, "cost_validation": 1.427323742580909, "epochs": 39, "_timestamp": 1677996812.0298474, "_runtime": 60.07173538208008, "_step": 39, "_wandb": {"runtime": 59}}