{"accuracy_train": 81.63333333333334, "accuracy_validation": 80.25, "loss_train": 2.4158528298735145, "cost_validation": 2.6180088021949652, "epochs": 19, "_timestamp": 1677998105.8782392, "_runtime": 68.13613605499268, "_step": 19, "_wandb": {"runtime": 67}}