{"accuracy_train": 89.0537037037037, "accuracy_validation": 86.23333333333333, "loss_train": 0.3348477666168709, "cost_validation": 0.582192821341804, "epochs": 19, "_timestamp": 1678101151.4779494, "_runtime": 423.73500633239746, "_step": 19, "_wandb": {"runtime": 423}}