{"accuracy_train": 81.9037037037037, "accuracy_validation": 81.2, "loss_train": 0.5304895970777456, "cost_validation": 0.5395589157392026, "epochs": 19, "_timestamp": 1678268917.0207627, "_runtime": 273.08918261528015, "_step": 19, "_wandb": {"runtime": 272}}