{"accuracy_train": 84.77407407407408, "accuracy_validation": 83.08333333333333, "loss_train": 0.4557286734613042, "cost_validation": 0.5590979712469802, "epochs": 9, "_timestamp": 1678396526.4000778, "_runtime": 81.79948592185974, "_step": 9, "_wandb": {"runtime": 81}}