{"accuracy_train": 82.26296296296296, "accuracy_validation": 81.55, "loss_train": 0.5183641421879714, "cost_validation": 0.5446080620268533, "epochs": 19, "_timestamp": 1678025859.7504184, "_runtime": 118.15017747879028, "_step": 19, "_wandb": {"runtime": 117}}