{"accuracy_train": 80.72407407407407, "accuracy_validation": 80.43333333333334, "loss_train": 0.5665732945340058, "cost_validation": 0.5722510370968078, "epochs": 39, "_timestamp": 1678271442.1876607, "_runtime": 245.21951580047607, "_step": 39, "_wandb": {"runtime": 244}}