{"accuracy_train": 87.82592592592593, "accuracy_validation": 85.06666666666666, "loss_train": 0.34897486648848625, "cost_validation": 0.4827652054108685, "epochs": 19, "_timestamp": 1678402917.2249937, "_runtime": 98.38560581207275, "_step": 19, "_wandb": {"runtime": 98}}