{"accuracy_train": 60.06481481481482, "accuracy_validation": 60.0, "loss_train": 1.0511768423360226, "cost_validation": 1.084315404177021, "epochs": 9, "_timestamp": 1677820373.2519364, "_runtime": 84.40147042274475, "_step": 9, "_wandb": {"runtime": 83}}