{"accuracy_train": 43.10740740740741, "accuracy_validation": 41.8, "loss_train": 1.297533303200457, "cost_validation": 1.317089127596195, "epochs": 9, "_timestamp": 1677829581.6268663, "_runtime": 189.2061972618103, "_step": 9, "_wandb": {"runtime": 188}}