{"accuracy_train": 10.031481481481482, "accuracy_validation": 9.716666666666667, "loss_train": 2.312477561059864, "cost_validation": 2.3140510612011806, "epochs": 19, "_timestamp": 1677982837.1670237, "_runtime": 562.1261496543884, "_step": 19, "_wandb": {"runtime": 560}}