{"accuracy_train": 80.18333333333332, "accuracy_validation": 77.86666666666666, "loss_train": 2.553185185185185, "cost_validation": 2.6756666666666664, "epochs": 39, "_timestamp": 1677974125.843668, "_runtime": 147.28719687461853, "_step": 39, "_wandb": {"runtime": 147}}