{"accuracy_train": 85.22777777777777, "accuracy_validation": 83.95, "loss_train": 0.4081876254796147, "cost_validation": 0.5125355568641056, "epochs": 9, "_timestamp": 1678349569.7275016, "_runtime": 57.89845156669617, "_step": 9, "_wandb": {"runtime": 57}}