{"accuracy_train": 56.10740740740741, "accuracy_validation": 54.48333333333333, "loss_train": 4.897522722608999, "cost_validation": 4.966371170147657, "epochs": 19, "_timestamp": 1678020568.6881464, "_runtime": 46.459856271743774, "_step": 19, "_wandb": {"runtime": 46}}