{"accuracy_train": 74.68148148148148, "accuracy_validation": 74.21666666666667, "loss_train": 0.7086408153348668, "cost_validation": 0.7154134951139055, "epochs": 9, "_timestamp": 1678021458.3471546, "_runtime": 76.5001757144928, "_step": 9, "_wandb": {"runtime": 76}}