{"accuracy_train": 23.074074074074076, "accuracy_validation": 22.78333333333333, "loss_train": 2.3548193384587384, "cost_validation": 2.364649029303651, "epochs": 9, "_timestamp": 1677832575.2061963, "_runtime": 42.53082823753357, "_step": 9, "_wandb": {"runtime": 41}}