{"accuracy_train": 82.59814814814814, "accuracy_validation": 81.78333333333333, "loss_train": 0.4721928039780855, "cost_validation": 0.4958056167471992, "epochs": 19, "_timestamp": 1678425396.8891387, "_runtime": 177.95328164100647, "_step": 19, "_wandb": {"runtime": 177}}