{"accuracy_train": 41.50555555555556, "accuracy_validation": 41.18333333333333, "loss_train": 1.6699753787559763, "cost_validation": 1.6807293937920231, "epochs": 9, "_timestamp": 1677873112.6109147, "_runtime": 30.923475742340088, "_step": 9, "_wandb": {"runtime": 30}}