{"accuracy_train": 45.15555555555555, "accuracy_validation": 44.4, "loss_train": 1.5433860189760489, "cost_validation": 1.5591591360001988, "epochs": 9, "_timestamp": 1678274828.8849096, "_runtime": 20.931358575820923, "_step": 9, "_wandb": {"runtime": 20}}