{"accuracy_train": 86.47037037037038, "accuracy_validation": 84.88333333333333, "loss_train": 0.3765950942506481, "cost_validation": 0.41407126078055045, "epochs": 9, "_timestamp": 1678348593.264249, "_runtime": 58.973833084106445, "_step": 9, "_wandb": {"runtime": 58}}