{"accuracy_train": 86.4037037037037, "accuracy_validation": 84.98333333333333, "loss_train": 0.37571683117543453, "cost_validation": 0.4266762689772864, "epochs": 9, "_timestamp": 1678406413.7795844, "_runtime": 36.97000432014465, "_step": 9, "_wandb": {"runtime": 36}}