{"accuracy_train": 68.57592592592593, "accuracy_validation": 67.61666666666667, "loss_train": 0.815710117423056, "cost_validation": 0.8437658777397673, "epochs": 9, "_timestamp": 1678351702.7459848, "_runtime": 50.945934772491455, "_step": 9, "_wandb": {"runtime": 50}}