{"accuracy_train": 10.451851851851853, "accuracy_validation": 10.266666666666667, "loss_train": 2.58814414552857, "cost_validation": 2.5876647937354003, "epochs": 4, "_timestamp": 1677764503.5593252, "_runtime": 18.916162252426147, "_step": 4, "_wandb": {"runtime": 18}}