{"accuracy_train": 47.86851851851851, "accuracy_validation": 46.833333333333336, "loss_train": 1.2951559753695219, "cost_validation": 1.3154859885713155, "epochs": 39, "_timestamp": 1678282066.6775026, "_runtime": 53.77636766433716, "_step": 39, "_wandb": {"runtime": 53}}