{"accuracy_train": 13.116666666666665, "accuracy_validation": 12.233333333333334, "loss_train": 2.867302578162644, "cost_validation": 2.8888603716123593, "epochs": 9, "_timestamp": 1678261202.43728, "_runtime": 34.04031586647034, "_step": 9, "_wandb": {"runtime": 33}}