{"accuracy_train": 84.46666666666667, "accuracy_validation": 81.98333333333333, "loss_train": 0.5062471335154122, "cost_validation": 0.721522821028568, "epochs": 19, "_timestamp": 1678402783.787912, "_runtime": 262.1100800037384, "_step": 19, "_wandb": {"runtime": 261}}