{"accuracy_train": 85.66296296296296, "accuracy_validation": 83.43333333333334, "loss_train": 0.42329355773730115, "cost_validation": 0.48207495311997317, "epochs": 19, "_timestamp": 1678357436.473435, "_runtime": 41.05735898017883, "_step": 19, "_wandb": {"runtime": 40}}