{"accuracy_train": 52.83148148148148, "accuracy_validation": 52.05, "loss_train": 1.30443862860714, "cost_validation": 1.3329967586727987, "epochs": 19, "_timestamp": 1677980462.2258754, "_runtime": 32.66655945777893, "_step": 19, "_wandb": {"runtime": 32}}