{"accuracy_train": 85.94814814814815, "accuracy_validation": 84.5, "loss_train": 0.4165377962250275, "cost_validation": 0.5230304791759909, "epochs": 9, "_timestamp": 1678406365.3690221, "_runtime": 68.25595712661743, "_step": 9, "_wandb": {"runtime": 66}}