{"accuracy_train": 81.58518518518518, "accuracy_validation": 80.31666666666666, "loss_train": 0.5142705800180772, "cost_validation": 0.5428535062259772, "epochs": 9, "_timestamp": 1677823400.712029, "_runtime": 57.23066997528076, "_step": 9, "_wandb": {"runtime": 56}}