{"accuracy_train": 98.08518518518518, "accuracy_validation": 97.36666666666667, "loss_train": 0.0668093148295704, "cost_validation": 0.09031273632850509, "epochs": 9, "_timestamp": 1678640077.2855136, "_runtime": 88.21548271179199, "_step": 9, "_wandb": {"runtime": 87}}