{"accuracy_train": 70.25, "accuracy_validation": 70.48333333333333, "loss_train": 0.8287845286807458, "cost_validation": 0.8231478851151274, "epochs": 9, "_timestamp": 1678269432.0897048, "_runtime": 27.14001774787903, "_step": 9, "_wandb": {"runtime": 26}}