{"accuracy_train": 10.005555555555555, "accuracy_validation": 9.950000000000001, "loss_train": NaN, "cost_validation": NaN, "epochs": 9, "_timestamp": 1677763675.4746947, "_runtime": 111.9319896697998, "_step": 9, "_wandb": {"runtime": 111}}