{"accuracy_train": 10.005555555555555, "accuracy_validation": 9.950000000000001, "loss_train": NaN, "cost_validation": NaN, "epochs": 9, "_timestamp": 1678281793.4934208, "_runtime": 30.821183919906616, "_step": 9, "_wandb": {"runtime": 30}}