{"accuracy_train": 80.97407407407408, "accuracy_validation": 79.95, "loss_train": 0.5365717354186229, "cost_validation": 0.5679524354345958, "epochs": 14, "_timestamp": 1678400252.7140617, "_runtime": 257.9940538406372, "_step": 14, "_wandb": {"runtime": 257}}