{"accuracy_train": 11.122222222222222, "accuracy_validation": 10.833333333333334, "loss_train": 4.6436528406605655, "cost_validation": 4.971397191972781, "epochs": 39, "_timestamp": 1677755492.2139504, "_runtime": 51.736674308776855, "_step": 39, "_wandb": {"runtime": 51}}