{"accuracy_train": 11.225925925925925, "accuracy_validation": 11.333333333333332, "loss_train": 2.307874501975221, "cost_validation": 2.3092434387721528, "epochs": 9, "_timestamp": 1678550300.5467253, "_runtime": 300.16019320487976, "_step": 9, "_wandb": {"runtime": 299}}