{"accuracy_train": 91.44444444444444, "accuracy_validation": 87.1, "loss_train": 0.232991799740488, "cost_validation": 0.4858306831667573, "epochs": 39, "_timestamp": 1678176228.258085, "_runtime": 272.04055094718933, "_step": 39, "_wandb": {"runtime": 271}}