{"accuracy_train": 62.751851851851846, "accuracy_validation": 62.050000000000004, "loss_train": 1.5993513803054846, "cost_validation": 1.5985092682809254, "epochs": 39, "_timestamp": 1677866272.9784315, "_runtime": 47.408217430114746, "_step": 39, "_wandb": {"runtime": 46}}