{"accuracy_train": 92.19444444444444, "accuracy_validation": 86.18333333333334, "loss_train": 0.253003454550595, "cost_validation": 0.8136662851236642, "epochs": 39, "_timestamp": 1678136225.7365391, "_runtime": 871.4903280735016, "_step": 39, "_wandb": {"runtime": 871}}