{"accuracy_train": 83.87222222222222, "accuracy_validation": 82.86666666666666, "loss_train": 0.4506936546070818, "cost_validation": 0.47478145655015325, "epochs": 9, "_timestamp": 1678397309.584367, "_runtime": 144.98541402816772, "_step": 9, "_wandb": {"runtime": 144}}