{"accuracy_train": 47.62037037037037, "accuracy_validation": 46.75, "loss_train": 1.6575487811050722, "cost_validation": 1.6697908200384601, "epochs": 9, "_timestamp": 1677820624.1323314, "_runtime": 56.19475030899048, "_step": 9, "_wandb": {"runtime": 55}}