{"accuracy_train": 86.01666666666667, "accuracy_validation": 83.43333333333334, "loss_train": 0.43468563534806254, "cost_validation": 0.6558791592805421, "epochs": 19, "_timestamp": 1678402489.4807322, "_runtime": 325.4158892631531, "_step": 19, "_wandb": {"runtime": 324}}