{"accuracy_train": 59.3925925925926, "accuracy_validation": 58.333333333333336, "loss_train": 1.7604950436279323, "cost_validation": 1.8187074917589425, "epochs": 19, "_timestamp": 1677970810.957132, "_runtime": 107.7347960472107, "_step": 19, "_wandb": {"runtime": 107}}