{"accuracy_train": 88.45925925925926, "accuracy_validation": 85.85000000000001, "loss_train": 0.3177675389432834, "cost_validation": 0.37926850775630067, "epochs": 14, "_timestamp": 1678424204.322279, "_runtime": 44.83022999763489, "_step": 14, "_wandb": {"runtime": 44}}