{"accuracy_train": 89.84629629629629, "accuracy_validation": 86.56666666666666, "loss_train": 0.28988208943845295, "cost_validation": 0.48598970055629925, "epochs": 19, "_timestamp": 1678815168.6586661, "_runtime": 138.61641216278076, "_step": 19, "_wandb": {"runtime": 138}}