{"accuracy_train": 89.8851851851852, "accuracy_validation": 86.75, "loss_train": 0.2767240434543311, "cost_validation": 0.43364677064257656, "epochs": 19, "_timestamp": 1678627370.1766343, "_runtime": 95.1171383857727, "_step": 19, "_wandb": {"runtime": 94}}