{"accuracy_train": 68.6037037037037, "accuracy_validation": 67.61666666666667, "loss_train": 0.945437175752113, "cost_validation": 0.9548846025872605, "epochs": 39, "_timestamp": 1677996556.989571, "_runtime": 55.410627126693726, "_step": 39, "_wandb": {"runtime": 54}}