{"accuracy_train": 88.44444444444444, "accuracy_validation": 86.21666666666667, "loss_train": 0.31967762872445704, "cost_validation": 0.4203565570527423, "epochs": 9, "_timestamp": 1678406523.9337163, "_runtime": 50.70257520675659, "_step": 9, "_wandb": {"runtime": 50}}