{"accuracy_train": 89.82962962962962, "accuracy_validation": 86.45, "loss_train": 0.27193396613120846, "cost_validation": 0.41111961295574617, "epochs": 19, "_timestamp": 1678258457.0815535, "_runtime": 139.407728433609, "_step": 19, "_wandb": {"runtime": 138}}