{"accuracy_train": 83.73703703703703, "accuracy_validation": 83.61666666666666, "loss_train": 0.4757905461974085, "cost_validation": 0.5524576566936504, "epochs": 7, "_timestamp": 1678396094.1281579, "_runtime": 118.13630294799805, "_step": 7, "_wandb": {"runtime": 123}}