{"accuracy_train": 69.92407407407407, "accuracy_validation": 69.25, "loss_train": 0.8441448410947591, "cost_validation": 0.8561307125254538, "epochs": 9, "_timestamp": 1677830325.553791, "_runtime": 37.54892015457153, "_step": 9, "_wandb": {"runtime": 37}}