{"accuracy_train": 98.85925925925926, "accuracy_validation": 96.15, "loss_train": 0.0410987821625997, "cost_validation": 0.1716153291896139, "epochs": 19, "_timestamp": 1678440004.0455394, "_runtime": 79.19998526573181, "_step": 19, "_wandb": {"runtime": 77}}