{"accuracy_train": 78.27222222222223, "accuracy_validation": 77.45, "loss_train": 1.7011228275496348, "cost_validation": 1.7879562158440294, "epochs": 19, "_timestamp": 1677902653.3568733, "_runtime": 45.52811121940613, "_step": 19, "_wandb": {"runtime": 44}}