{"accuracy_train": 72.60740740740741, "accuracy_validation": 71.61666666666666, "loss_train": 0.7521380942872901, "cost_validation": 0.7795067539171264, "epochs": 9, "_timestamp": 1678355880.8804383, "_runtime": 40.24355340003967, "_step": 9, "_wandb": {"runtime": 39}}