{"accuracy_train": 31.892592592592596, "accuracy_validation": 31.316666666666666, "loss_train": 6.7348888888888885, "cost_validation": 6.617999999999999, "epochs": 19, "_timestamp": 1677996001.1915143, "_runtime": 75.00029015541077, "_step": 19, "_wandb": {"runtime": 74}}