{"accuracy_train": 88.07407407407408, "accuracy_validation": 85.85000000000001, "loss_train": 0.3290291160941565, "cost_validation": 0.3937968943737716, "epochs": 9, "_timestamp": 1678398548.4762955, "_runtime": 72.80709147453308, "_step": 9, "_wandb": {"runtime": 72}}