{"accuracy_train": 86.55555555555556, "accuracy_validation": 85.0, "loss_train": 0.38007882257173137, "cost_validation": 0.4560756649311202, "epochs": 9, "_timestamp": 1678396893.5384367, "_runtime": 57.28278374671936, "_step": 9, "_wandb": {"runtime": 56}}