{"accuracy_train": 84.97037037037038, "accuracy_validation": 83.89999999999999, "loss_train": 0.44021650668919193, "cost_validation": 0.4628626016446809, "epochs": 19, "_timestamp": 1677866159.294254, "_runtime": 77.69002413749695, "_step": 19, "_wandb": {"runtime": 77}}