{"accuracy_train": 59.75185185185185, "accuracy_validation": 59.61666666666666, "loss_train": 1.0857814450295231, "cost_validation": 1.090565050636552, "epochs": 9, "_timestamp": 1677789578.176743, "_runtime": 37.77312994003296, "_step": 9, "_wandb": {"runtime": 37}}