{"accuracy_train": 9.97962962962963, "accuracy_validation": 10.183333333333334, "loss_train": 4.371066452196963, "cost_validation": 6.298486753530064, "epochs": 4, "_timestamp": 1677762297.0092134, "_runtime": 18.579150438308716, "_step": 4, "_wandb": {"runtime": 17}}