{"accuracy_train": 48.30185185185185, "accuracy_validation": 47.56666666666667, "loss_train": 1.4687318710533133, "cost_validation": 1.4974271984522467, "epochs": 39, "_timestamp": 1677903561.0754092, "_runtime": 80.57382011413574, "_step": 39, "_wandb": {"runtime": 80}}