{"accuracy_train": 20.175925925925924, "accuracy_validation": 20.033333333333335, "loss_train": 1.812481450098453, "cost_validation": 1.8094193666755007, "epochs": 39, "_timestamp": 1677997512.685817, "_runtime": 66.7674241065979, "_step": 39, "_wandb": {"runtime": 66}}