{"accuracy_train": 69.17962962962963, "accuracy_validation": 67.41666666666667, "loss_train": 3.4891550716954827, "cost_validation": 3.5392289785926767, "epochs": 19, "_timestamp": 1677973811.6564865, "_runtime": 40.807698488235474, "_step": 19, "_wandb": {"runtime": 40}}