{"accuracy_train": 77.0111111111111, "accuracy_validation": 75.21666666666667, "loss_train": 0.6599443194701781, "cost_validation": 0.7101220585527765, "epochs": 9, "_timestamp": 1677856378.66483, "_runtime": 192.96167397499084, "_step": 9, "_wandb": {"runtime": 192}}