{"accuracy_train": 65.12592592592593, "accuracy_validation": 64.0, "loss_train": 0.9677484302984315, "cost_validation": 0.9862433487258137, "epochs": 9, "_timestamp": 1678276424.0713072, "_runtime": 22.55950617790222, "_step": 9, "_wandb": {"runtime": 21}}