{"accuracy_train": 26.82777777777778, "accuracy_validation": 27.05, "loss_train": 2.0752749916230337, "cost_validation": 2.080901649365559, "epochs": 39, "_timestamp": 1678263442.0892076, "_runtime": 83.6655547618866, "_step": 39, "_wandb": {"runtime": 83}}