{"accuracy_train": 65.8037037037037, "accuracy_validation": 64.51666666666667, "loss_train": 4.317737695473776, "cost_validation": 4.5229595236210995, "epochs": 39, "_timestamp": 1678014114.5405195, "_runtime": 171.50909852981567, "_step": 39, "_wandb": {"runtime": 171}}