{"accuracy_train": 64.42777777777778, "accuracy_validation": 63.983333333333334, "loss_train": 0.9198568793184742, "cost_validation": 0.9154532889487327, "epochs": 19, "_timestamp": 1677762150.3806849, "_runtime": 1314.1294808387756, "_step": 19, "_wandb": {"runtime": 1313}}