{"accuracy_train": 23.183333333333334, "accuracy_validation": 22.366666666666667, "loss_train": 19.76798392512761, "cost_validation": 20.011021992815166, "epochs": 19, "_timestamp": 1678014456.7472556, "_runtime": 71.34102654457092, "_step": 19, "_wandb": {"runtime": 70}}