{"accuracy_train": 10.005555555555555, "accuracy_validation": 9.950000000000001, "loss_train": NaN, "cost_validation": NaN, "epochs": 19, "_timestamp": 1678260823.3299787, "_runtime": 44.17009878158569, "_step": 19, "_wandb": {"runtime": 43}}