{"accuracy_train": 61.266666666666666, "accuracy_validation": 61.38333333333333, "loss_train": 0.9669432106804409, "cost_validation": 0.980352400612938, "epochs": 19, "_timestamp": 1677992093.8831685, "_runtime": 600.2130043506622, "_step": 19, "_wandb": {"runtime": 599}}