{"accuracy_train": 59.818518518518516, "accuracy_validation": 58.699999999999996, "loss_train": 1.4690085825866743, "cost_validation": 1.4988389878198753, "epochs": 19, "_timestamp": 1678278027.0773687, "_runtime": 372.22382283210754, "_step": 19, "_wandb": {"runtime": 371}}