{"accuracy_train": 84.24814814814815, "accuracy_validation": 82.89999999999999, "loss_train": 0.49651633889828223, "cost_validation": 0.548062253997341, "epochs": 9, "_timestamp": 1678369453.867541, "_runtime": 314.70519399642944, "_step": 9, "_wandb": {"runtime": 314}}