{"accuracy_train": 71.03518518518518, "accuracy_validation": 70.71666666666667, "loss_train": 0.7936080444380192, "cost_validation": 0.8123968481392535, "epochs": 19, "_timestamp": 1678021204.242197, "_runtime": 104.8629469871521, "_step": 19, "_wandb": {"runtime": 104}}