{"accuracy_train": 87.1111111111111, "accuracy_validation": 84.8, "loss_train": 0.3578705186782276, "cost_validation": 0.4043188523347989, "epochs": 19, "_timestamp": 1678377119.1871412, "_runtime": 1812.28178024292, "_step": 19, "_wandb": {"runtime": 1811}}