{"accuracy_train": 70.1, "accuracy_validation": 68.45, "loss_train": 5.649907903843447, "cost_validation": 6.04774987529786, "epochs": 19, "_timestamp": 1678280380.1712432, "_runtime": 36.596230268478394, "_step": 19, "_wandb": {"runtime": 36}}