{"accuracy_train": 89.87777777777778, "accuracy_validation": 86.51666666666667, "loss_train": 0.28038170225988385, "cost_validation": 0.448295185714796, "epochs": 19, "_timestamp": 1678425203.7434065, "_runtime": 75.43393754959106, "_step": 19, "_wandb": {"runtime": 75}}