{"accuracy_train": 32.66851851851852, "accuracy_validation": 32.36666666666667, "loss_train": 1.7875900932828297, "cost_validation": 1.7646166299000345, "epochs": 9, "_timestamp": 1677789630.359613, "_runtime": 40.56487798690796, "_step": 9, "_wandb": {"runtime": 39}}