{"accuracy_train": 86.8, "accuracy_validation": 85.39999999999999, "loss_train": 0.3657875097029142, "cost_validation": 0.41461508748586234, "epochs": 9, "_timestamp": 1678356901.6069162, "_runtime": 38.25794529914856, "_step": 9, "_wandb": {"runtime": 37}}