{"accuracy_train": 89.96481481481482, "accuracy_validation": 86.31666666666666, "loss_train": 0.28574544378477135, "cost_validation": 0.4749044427716261, "epochs": 19, "_timestamp": 1678403261.1004887, "_runtime": 137.9375627040863, "_step": 19, "_wandb": {"runtime": 136}}