{"accuracy_train": 87.21666666666667, "accuracy_validation": 84.48333333333333, "loss_train": 0.544312474071411, "cost_validation": 0.7273670780478243, "epochs": 9, "_timestamp": 1678354483.4487004, "_runtime": 92.1553053855896, "_step": 9, "_wandb": {"runtime": 90}}