{"accuracy_train": 52.12777777777777, "accuracy_validation": 52.400000000000006, "loss_train": 2.41077848306622, "cost_validation": 2.3881053597036748, "epochs": 39, "_timestamp": 1677850782.1898286, "_runtime": 161.89931774139404, "_step": 39, "_wandb": {"runtime": 161}}