{"accuracy_train": 90.04444444444445, "accuracy_validation": 87.2, "loss_train": 0.2735864622416631, "cost_validation": 0.41472609388580794, "epochs": 19, "_timestamp": 1678390439.422678, "_runtime": 94.87598204612732, "_step": 19, "_wandb": {"runtime": 94}}