{"accuracy_train": 87.7462962962963, "accuracy_validation": 85.73333333333333, "loss_train": 0.3333867973014401, "cost_validation": 0.41995862397716366, "epochs": 19, "_timestamp": 1678424942.9531507, "_runtime": 59.64891171455383, "_step": 19, "_wandb": {"runtime": 59}}