{"accuracy_train": 35.574074074074076, "accuracy_validation": 34.516666666666666, "loss_train": 1.9072352058121318, "cost_validation": 1.9563082270339351, "epochs": 19, "_timestamp": 1677855210.48969, "_runtime": 60.26902914047241, "_step": 19, "_wandb": {"runtime": 59}}