{"accuracy_train": 90.88888888888889, "accuracy_validation": 85.46666666666667, "loss_train": NaN, "cost_validation": NaN, "epochs": 39, "_timestamp": 1678132524.50972, "_runtime": 2212.2668240070343, "_step": 39, "_wandb": {"runtime": 2211}}