{"accuracy_train": 69.57222222222222, "accuracy_validation": 69.46666666666667, "loss_train": 0.8389703998343355, "cost_validation": 0.8462193397585139, "epochs": 9, "_timestamp": 1678050021.727565, "_runtime": 54.72144913673401, "_step": 9, "_wandb": {"runtime": 54}}