{"accuracy_train": 10.031481481481482, "accuracy_validation": 9.716666666666667, "loss_train": 2.3124773409945765, "cost_validation": 2.314050776967803, "epochs": 9, "_timestamp": 1677973232.5037668, "_runtime": 118.5160448551178, "_step": 9, "_wandb": {"runtime": 118}}