{"accuracy_train": 87.96851851851852, "accuracy_validation": 86.1, "loss_train": 0.33483759933063006, "cost_validation": 0.3930524803901485, "epochs": 9, "_timestamp": 1678100179.067793, "_runtime": 332.06798481941223, "_step": 9, "_wandb": {"runtime": 331}}