{"accuracy_train": 80.07777777777778, "accuracy_validation": 78.3, "loss_train": 0.5835081644787403, "cost_validation": 0.610435171001943, "epochs": 19, "_timestamp": 1678277643.4062505, "_runtime": 51.73071837425232, "_step": 19, "_wandb": {"runtime": 51}}