{"accuracy_train": 85.55185185185185, "accuracy_validation": 83.46666666666667, "loss_train": 0.4186781080673851, "cost_validation": 0.49267441395482287, "epochs": 39, "_timestamp": 1678017920.6354558, "_runtime": 807.6969647407532, "_step": 39, "_wandb": {"runtime": 807}}