{"accuracy_train": 77.52037037037037, "accuracy_validation": 76.63333333333333, "loss_train": 0.627029993289755, "cost_validation": 0.6418811956113188, "epochs": 19, "_timestamp": 1677997413.3775716, "_runtime": 329.4477996826172, "_step": 19, "_wandb": {"runtime": 329}}