{"accuracy_train": 51.214814814814815, "accuracy_validation": 49.666666666666664, "loss_train": 1.1752046082619518, "cost_validation": 1.2051442108253914, "epochs": 9, "_timestamp": 1677829894.0117645, "_runtime": 32.92810344696045, "_step": 9, "_wandb": {"runtime": 32}}