{"accuracy_train": 10.005555555555555, "accuracy_validation": 9.950000000000001, "loss_train": NaN, "cost_validation": NaN, "epochs": 19, "_timestamp": 1677772883.4194734, "_runtime": 69.62087631225586, "_step": 19, "_wandb": {"runtime": 68}}