{"accuracy_train": 89.04814814814814, "accuracy_validation": 86.4, "loss_train": 0.2949123229981662, "cost_validation": 0.3759487158085032, "epochs": 19, "_timestamp": 1678356709.54235, "_runtime": 72.986741065979, "_step": 19, "_wandb": {"runtime": 72}}