{"accuracy_train": 89.81481481481481, "accuracy_validation": 86.1, "loss_train": 0.3202536756940297, "cost_validation": 0.5653150206779147, "epochs": 19, "_timestamp": 1678123686.616714, "_runtime": 556.5588018894196, "_step": 19, "_wandb": {"runtime": 556}}