{"accuracy_train": 9.97962962962963, "accuracy_validation": 10.183333333333334, "loss_train": 2.308230848518236, "cost_validation": 2.306903423268835, "epochs": 39, "_timestamp": 1677983784.5158446, "_runtime": 435.7474625110626, "_step": 39, "_wandb": {"runtime": 435}}