{"accuracy_train": 56.36111111111111, "accuracy_validation": 56.21666666666667, "loss_train": 1.1133896178533325, "cost_validation": 1.1180802805862988, "epochs": 9, "_timestamp": 1677789681.9576056, "_runtime": 39.871357679367065, "_step": 9, "_wandb": {"runtime": 39}}