{"accuracy_train": 60.49074074074075, "accuracy_validation": 60.333333333333336, "loss_train": 1.0777781336370127, "cost_validation": 1.0794178079287244, "epochs": 39, "_timestamp": 1678271587.1739306, "_runtime": 45.727943658828735, "_step": 39, "_wandb": {"runtime": 45}}