{"accuracy_train": 85.55740740740741, "accuracy_validation": 83.93333333333334, "loss_train": 0.4340441706432184, "cost_validation": 0.4921872441112963, "epochs": 19, "_timestamp": 1678102558.9778216, "_runtime": 450.5337915420532, "_step": 19, "_wandb": {"runtime": 450}}