{"accuracy_train": 44.9425925925926, "accuracy_validation": 44.483333333333334, "loss_train": 2.1251198243907004, "cost_validation": 2.1828246697265423, "epochs": 39, "_timestamp": 1678267537.8851497, "_runtime": 41.14335060119629, "_step": 39, "_wandb": {"runtime": 40}}