{"accuracy_train": 84.24259259259259, "accuracy_validation": 82.56666666666666, "loss_train": 0.4712367089138915, "cost_validation": 0.5113336979338922, "epochs": 9, "_timestamp": 1678381224.4856176, "_runtime": 127.2330596446991, "_step": 9, "_wandb": {"runtime": 126}}