{"accuracy_train": 86.44259259259259, "accuracy_validation": 84.81666666666666, "loss_train": 1.7843148148148147, "cost_validation": 2.033166666666667, "epochs": 19, "_timestamp": 1677976740.607312, "_runtime": 45.2923219203949, "_step": 19, "_wandb": {"runtime": 44}}