{"accuracy_train": 86.97037037037038, "accuracy_validation": 85.39999999999999, "loss_train": 0.3591487790721764, "cost_validation": 0.4045540678674795, "epochs": 9, "_timestamp": 1678346335.101673, "_runtime": 363.85338282585144, "_step": 9, "_wandb": {"runtime": 363}}