{"accuracy_train": 54.63148148148148, "accuracy_validation": 53.900000000000006, "loss_train": 5.43817016548677, "cost_validation": 5.415864822714264, "epochs": 39, "_timestamp": 1677976519.0366194, "_runtime": 100.82382249832153, "_step": 39, "_wandb": {"runtime": 100}}