{"accuracy_train": 85.05740740740741, "accuracy_validation": 84.2, "loss_train": 0.4453317730654556, "cost_validation": 0.4650203813703121, "epochs": 39, "_timestamp": 1677999404.3091643, "_runtime": 1169.3929462432861, "_step": 39, "_wandb": {"runtime": 1168}}