{"accuracy_train": 76.51481481481481, "accuracy_validation": 75.55, "loss_train": 0.660055669718236, "cost_validation": 0.6858085640742332, "epochs": 9, "_timestamp": 1677826481.2256436, "_runtime": 77.834463596344, "_step": 9, "_wandb": {"runtime": 77}}