{"accuracy_train": 51.44814814814814, "accuracy_validation": 50.66666666666667, "loss_train": 1.1624048601873593, "cost_validation": 1.169639054694402, "epochs": 9, "_timestamp": 1677830574.8977494, "_runtime": 232.43003940582275, "_step": 9, "_wandb": {"runtime": 231}}