{"accuracy_train": 77.26481481481483, "accuracy_validation": 76.25, "loss_train": 0.6288283995483922, "cost_validation": 0.6483345567279422, "epochs": 9, "_timestamp": 1677825508.868076, "_runtime": 70.07000613212585, "_step": 9, "_wandb": {"runtime": 69}}