{"accuracy_train": 60.41481481481481, "accuracy_validation": 60.23333333333334, "loss_train": 0.945125307413841, "cost_validation": 0.9410819138987098, "epochs": 9, "_timestamp": 1678262346.41111, "_runtime": 42.97089195251465, "_step": 9, "_wandb": {"runtime": 42}}