{"accuracy_train": 86.35925925925926, "accuracy_validation": 84.66666666666667, "loss_train": 0.38965614336854376, "cost_validation": 0.4469259718198685, "epochs": 19, "_timestamp": 1678024686.7524693, "_runtime": 93.73125624656677, "_step": 19, "_wandb": {"runtime": 93}}