{"accuracy_train": 21.10185185185185, "accuracy_validation": 20.516666666666666, "loss_train": 1.601167976701163e+25, "cost_validation": 1.4410511790310467e+26, "epochs": 19, "_timestamp": 1677756236.896213, "_runtime": 587.452082157135, "_step": 19, "_wandb": {"runtime": 586}}