{"accuracy_train": 80.21481481481482, "accuracy_validation": 79.08333333333334, "loss_train": 0.5495812800660883, "cost_validation": 0.5838303556773174, "epochs": 39, "_timestamp": 1677847933.132683, "_runtime": 174.9396960735321, "_step": 39, "_wandb": {"runtime": 174}}