{"accuracy_train": 88.49444444444444, "accuracy_validation": 86.1, "loss_train": 0.3303192861880892, "cost_validation": 0.381493766388225, "epochs": 19, "_timestamp": 1678379281.8995218, "_runtime": 462.3232009410858, "_step": 19, "_wandb": {"runtime": 461}}