{"accuracy_train": 73.73148148148148, "accuracy_validation": 72.41666666666666, "loss_train": 0.8158018855069289, "cost_validation": 0.8465241030380151, "epochs": 9, "_timestamp": 1677787791.2465496, "_runtime": 26.181546688079834, "_step": 9, "_wandb": {"runtime": 25}}