{"accuracy_train": 31.257407407407406, "accuracy_validation": 31.016666666666666, "loss_train": 2.027269756317389, "cost_validation": 2.0142109315605627, "epochs": 9, "_timestamp": 1677831412.8762832, "_runtime": 43.36701416969299, "_step": 9, "_wandb": {"runtime": 42}}