{"accuracy_train": 74.14444444444445, "accuracy_validation": 73.81666666666666, "loss_train": 2.9823725108495305, "cost_validation": 3.0311859309791047, "epochs": 19, "_timestamp": 1677979125.5875103, "_runtime": 50.18180441856384, "_step": 19, "_wandb": {"runtime": 49}}