{"accuracy_train": 72.72592592592592, "accuracy_validation": 71.7, "loss_train": 2.0128344296582665, "cost_validation": 2.0692156218714506, "epochs": 19, "_timestamp": 1678342175.1953464, "_runtime": 338.28422141075134, "_step": 19, "_wandb": {"runtime": 337}}