{"accuracy_train": 89.93703703703704, "accuracy_validation": 86.35000000000001, "loss_train": NaN, "cost_validation": NaN, "epochs": 39, "_timestamp": 1678126899.2796626, "_runtime": 956.0965795516968, "_step": 39, "_wandb": {"runtime": 955}}