{"accuracy_train": 42.016666666666666, "accuracy_validation": 41.11666666666667, "loss_train": 1.8008332355815357, "cost_validation": 1.8060008333672812, "epochs": 26, "_timestamp": 1678261559.5203304, "_runtime": 284.720112323761, "_step": 26, "_wandb": {"runtime": 289}}