{"accuracy_train": 78.89074074074074, "accuracy_validation": 78.03333333333333, "loss_train": 0.5825738234597637, "cost_validation": 0.6065878149040198, "epochs": 9, "_timestamp": 1678262018.9337304, "_runtime": 26.19801640510559, "_step": 9, "_wandb": {"runtime": 25}}