{"accuracy_train": 86.85740740740741, "accuracy_validation": 85.41666666666666, "loss_train": 0.3979634975908853, "cost_validation": 0.5654727386655296, "epochs": 19, "_timestamp": 1678424869.130301, "_runtime": 128.9354419708252, "_step": 19, "_wandb": {"runtime": 128}}