{"accuracy_train": 17.19814814814815, "accuracy_validation": 17.75, "loss_train": 2.257803805682631, "cost_validation": 2.2606664897058977, "epochs": 9, "_timestamp": 1677754695.6785624, "_runtime": 25.4454665184021, "_step": 9, "_wandb": {"runtime": 24}}