{"accuracy_train": 85.18703703703704, "accuracy_validation": 83.33333333333334, "loss_train": 0.611173416277753, "cost_validation": 0.7435596145745412, "epochs": 19, "_timestamp": 1678354176.5831141, "_runtime": 109.9133791923523, "_step": 19, "_wandb": {"runtime": 109}}