{"accuracy_train": 24.32962962962963, "accuracy_validation": 24.116666666666667, "loss_train": 1.6767290032539484, "cost_validation": 1.682708499239958, "epochs": 9, "_timestamp": 1677832023.0900726, "_runtime": 284.22644662857056, "_step": 9, "_wandb": {"runtime": 283}}