{"accuracy_train": 90.1537037037037, "accuracy_validation": 86.01666666666667, "loss_train": 0.3006775471127498, "cost_validation": 0.6367971809109148, "epochs": 19, "_timestamp": 1678125906.2737823, "_runtime": 1141.8160581588745, "_step": 19, "_wandb": {"runtime": 1141}}