{"accuracy_train": 50.84444444444445, "accuracy_validation": 50.4, "loss_train": 1.3880077412742047, "cost_validation": 1.4028777749366104, "epochs": 39, "_timestamp": 1678270444.9468637, "_runtime": 63.55478763580322, "_step": 39, "_wandb": {"runtime": 63}}