{"accuracy_train": 88.69074074074074, "accuracy_validation": 86.18333333333334, "loss_train": 0.3111802171186283, "cost_validation": 0.37007276412261875, "epochs": 9, "_timestamp": 1678407286.0039709, "_runtime": 48.41311693191528, "_step": 9, "_wandb": {"runtime": 47}}