{"accuracy_train": 51.361111111111114, "accuracy_validation": 50.68333333333334, "loss_train": 1.626984561692474, "cost_validation": 1.671856419700808, "epochs": 19, "_timestamp": 1677868029.751673, "_runtime": 46.13131308555603, "_step": 19, "_wandb": {"runtime": 45}}