{"accuracy_train": 50.64259259259259, "accuracy_validation": 49.766666666666666, "loss_train": 1.1556032644206549, "cost_validation": 1.1686411495598694, "epochs": 9, "_timestamp": 1677825804.3636653, "_runtime": 117.40637540817261, "_step": 9, "_wandb": {"runtime": 116}}