{"accuracy_train": 55.22962962962963, "accuracy_validation": 53.71666666666667, "loss_train": 9.896260869253881, "cost_validation": 10.247855926489153, "epochs": 19, "_timestamp": 1678262984.2466862, "_runtime": 63.10056924819946, "_step": 19, "_wandb": {"runtime": 62}}