{"accuracy_train": 88.41851851851852, "accuracy_validation": 88.85, "loss_train": 0.40503888000933697, "cost_validation": 0.4078874529622284, "epochs": 9, "_timestamp": 1678643274.914016, "_runtime": 21.49567699432373, "_step": 9, "_wandb": {"runtime": 20}}