{"accuracy_train": 68.75740740740741, "accuracy_validation": 67.78333333333333, "loss_train": 0.8585132802623341, "cost_validation": 0.8812593170331317, "epochs": 19, "_timestamp": 1677997672.1210837, "_runtime": 77.65674376487732, "_step": 19, "_wandb": {"runtime": 77}}