{"accuracy_train": 73.19814814814815, "accuracy_validation": 70.73333333333333, "loss_train": 0.8798582058840217, "cost_validation": 0.9428798392259655, "epochs": 39, "_timestamp": 1677841319.950923, "_runtime": 200.17540001869202, "_step": 39, "_wandb": {"runtime": 199}}