{"accuracy_train": 97.5925925925926, "accuracy_validation": 97.16666666666667, "loss_train": 0.0812155767075883, "cost_validation": 0.10191888823533067, "epochs": 9, "_timestamp": 1678615661.980725, "_runtime": 202.47825813293457, "_step": 9, "_wandb": {"runtime": 201}}