{"accuracy_train": 8.585185185185185, "accuracy_validation": 8.95, "loss_train": 3.292982468778752, "cost_validation": 3.1340574706109483, "epochs": 4, "_timestamp": 1677772977.7546327, "_runtime": 25.516673803329468, "_step": 4, "_wandb": {"runtime": 24}}