{"accuracy_train": 34.67777777777778, "accuracy_validation": 33.1, "loss_train": 1.4434875469023363, "cost_validation": 1.4622897316402095, "epochs": 9, "_timestamp": 1677829799.0257943, "_runtime": 201.68646621704102, "_step": 9, "_wandb": {"runtime": 201}}