{"accuracy_train": 95.47407407407408, "accuracy_validation": 95.35, "loss_train": 0.16947504501205338, "cost_validation": 0.16827615566901885, "epochs": 9, "_timestamp": 1678549849.4206545, "_runtime": 118.5495674610138, "_step": 9, "_wandb": {"runtime": 118}}