{"accuracy_train": 72.64259259259259, "accuracy_validation": 71.78333333333333, "loss_train": 0.7530753162811861, "cost_validation": 0.7679497169499947, "epochs": 19, "_timestamp": 1677903082.5686235, "_runtime": 183.51090145111084, "_step": 19, "_wandb": {"runtime": 182}}