{"accuracy_train": 85.40925925925926, "accuracy_validation": 83.73333333333333, "loss_train": 0.4244972857710916, "cost_validation": 0.4950315947960776, "epochs": 19, "_timestamp": 1678022957.3976533, "_runtime": 92.12102842330933, "_step": 19, "_wandb": {"runtime": 91}}