{"accuracy_train": 82.51296296296296, "accuracy_validation": 82.31666666666668, "loss_train": 0.4785329076249563, "cost_validation": 0.5007553129593838, "epochs": 14, "_timestamp": 1678423623.7046146, "_runtime": 112.68089461326599, "_step": 14, "_wandb": {"runtime": 112}}