{"accuracy_train": 83.12592592592593, "accuracy_validation": 82.95, "loss_train": 0.4640866024383066, "cost_validation": 0.49358238107639424, "epochs": 19, "_timestamp": 1678425921.5436413, "_runtime": 318.60369539260864, "_step": 19, "_wandb": {"runtime": 317}}