{"accuracy_train": 73.71111111111112, "accuracy_validation": 72.61666666666666, "loss_train": 0.913800992844205, "cost_validation": 0.9322909525314446, "epochs": 9, "_timestamp": 1678276381.9512901, "_runtime": 47.78183913230896, "_step": 9, "_wandb": {"runtime": 47}}