{"accuracy_train": 79.2, "accuracy_validation": 77.55, "loss_train": 3.0379058773575176, "cost_validation": 3.431517013836178, "epochs": 19, "_timestamp": 1677855134.7450743, "_runtime": 36.447471380233765, "_step": 19, "_wandb": {"runtime": 35}}