{"accuracy_train": 51.08888888888888, "accuracy_validation": 49.55, "loss_train": 1.502513464229662, "cost_validation": 1.5722626374957598, "epochs": 19, "_timestamp": 1677855632.703743, "_runtime": 106.59340405464172, "_step": 19, "_wandb": {"runtime": 105}}