{"accuracy_train": 77.38333333333334, "accuracy_validation": 76.38333333333334, "loss_train": 0.6344025319536616, "cost_validation": 0.6759409322371284, "epochs": 9, "_timestamp": 1678397484.7379706, "_runtime": 160.7905457019806, "_step": 9, "_wandb": {"runtime": 160}}