{"accuracy_train": 79.90555555555555, "accuracy_validation": 77.71666666666667, "loss_train": 0.5754190781921155, "cost_validation": 0.6025364795371074, "epochs": 19, "_timestamp": 1677863679.6988153, "_runtime": 91.52412343025208, "_step": 19, "_wandb": {"runtime": 90}}