{"accuracy_train": 10.031481481481482, "accuracy_validation": 9.716666666666667, "loss_train": 2.312477385640825, "cost_validation": 2.314050834632243, "epochs": 19, "_timestamp": 1678001380.62679, "_runtime": 228.52617692947388, "_step": 19, "_wandb": {"runtime": 228}}