{"accuracy_train": 22.74074074074074, "accuracy_validation": 22.433333333333334, "loss_train": 2.3609882309537893, "cost_validation": 2.369953358460643, "epochs": 9, "_timestamp": 1677981027.2023132, "_runtime": 32.409335136413574, "_step": 9, "_wandb": {"runtime": 31}}