{"accuracy_train": 64.12962962962962, "accuracy_validation": 63.71666666666667, "loss_train": 1.0260884220598423, "cost_validation": 1.040609534262814, "epochs": 19, "_timestamp": 1677979701.2841518, "_runtime": 456.00748467445374, "_step": 19, "_wandb": {"runtime": 455}}