{"accuracy_train": 85.54074074074074, "accuracy_validation": 83.89999999999999, "loss_train": 0.4335572176926188, "cost_validation": 0.4918778366412278, "epochs": 19, "_timestamp": 1678102076.2708585, "_runtime": 364.6387765407562, "_step": 19, "_wandb": {"runtime": 363}}