{"accuracy_train": 90.10925925925926, "accuracy_validation": 87.25, "loss_train": 0.27807776832152004, "cost_validation": 0.46736728711286935, "epochs": 19, "_timestamp": 1678385059.9932432, "_runtime": 123.29602527618408, "_step": 19, "_wandb": {"runtime": 123}}