{"accuracy_train": 72.41851851851851, "accuracy_validation": 71.6, "loss_train": 0.7560670882426237, "cost_validation": 0.7693831971819979, "epochs": 19, "_timestamp": 1677856087.347348, "_runtime": 39.68964505195618, "_step": 19, "_wandb": {"runtime": 39}}