{"accuracy_train": 81.8611111111111, "accuracy_validation": 80.41666666666667, "loss_train": 0.5759673513378799, "cost_validation": 0.6126511576630729, "epochs": 9, "_timestamp": 1678384826.7800646, "_runtime": 65.0819206237793, "_step": 9, "_wandb": {"runtime": 64}}