{"accuracy_train": 86.83518518518518, "accuracy_validation": 84.61666666666666, "loss_train": NaN, "cost_validation": NaN, "epochs": 9, "_timestamp": 1678089513.6644683, "_runtime": 837.0941112041473, "_step": 9, "_wandb": {"runtime": 836}}