{"accuracy_train": 44.33888888888889, "accuracy_validation": 44.75, "loss_train": 1.5557795023669045, "cost_validation": 1.551756687195189, "epochs": 19, "_timestamp": 1678270524.52613, "_runtime": 68.16867804527283, "_step": 19, "_wandb": {"runtime": 67}}