{"accuracy_train": 27.44259259259259, "accuracy_validation": 27.516666666666666, "loss_train": 1.6600353863362147, "cost_validation": 1.647932248252629, "epochs": 9, "_timestamp": 1677821867.8352938, "_runtime": 74.31559181213379, "_step": 9, "_wandb": {"runtime": 73}}