{"accuracy_train": 90.10925925925926, "accuracy_validation": 87.25, "loss_train": 0.27792303011081354, "cost_validation": 0.46465261674348673, "epochs": 19, "_timestamp": 1678392415.3589354, "_runtime": 164.00642347335815, "_step": 19, "_wandb": {"runtime": 163}}