{"accuracy_train": 83.28518518518518, "accuracy_validation": 82.6, "loss_train": 0.47219601924950594, "cost_validation": 0.4860219001421642, "epochs": 39, "_timestamp": 1678272466.576211, "_runtime": 124.3134138584137, "_step": 39, "_wandb": {"runtime": 123}}