{"accuracy_train": 68.1462962962963, "accuracy_validation": 66.85, "loss_train": 0.8980756434773375, "cost_validation": 0.91550357880928, "epochs": 9, "_timestamp": 1677832141.8104382, "_runtime": 44.30256915092468, "_step": 9, "_wandb": {"runtime": 43}}