{"accuracy_train": 84.12037037037037, "accuracy_validation": 83.35000000000001, "loss_train": 2.0161254908342316, "cost_validation": 2.1402960841747523, "epochs": 19, "_timestamp": 1677981078.3590295, "_runtime": 40.881845474243164, "_step": 19, "_wandb": {"runtime": 40}}