{"accuracy_train": 77.31296296296296, "accuracy_validation": 75.21666666666667, "loss_train": 2.8571696727179394, "cost_validation": 3.016360387794789, "epochs": 19, "_timestamp": 1677981557.434816, "_runtime": 136.26190090179443, "_step": 19, "_wandb": {"runtime": 135}}