{"accuracy_train": 86.89074074074074, "accuracy_validation": 84.85000000000001, "loss_train": 0.36037711656182353, "cost_validation": 0.42002325923387335, "epochs": 14, "_timestamp": 1678401506.3142304, "_runtime": 69.87510442733765, "_step": 14, "_wandb": {"runtime": 67}}