{"accuracy_train": 62.31666666666666, "accuracy_validation": 60.916666666666664, "loss_train": 0.9816036326588774, "cost_validation": 1.02707835579272, "epochs": 19, "_timestamp": 1677841596.7716143, "_runtime": 90.34620833396912, "_step": 19, "_wandb": {"runtime": 89}}