{"accuracy_train": 37.43703703703704, "accuracy_validation": 36.65, "loss_train": 1.6193743994468863, "cost_validation": 1.692845696976677, "epochs": 9, "_timestamp": 1678271522.1654427, "_runtime": 32.68412470817566, "_step": 9, "_wandb": {"runtime": 32}}