{"accuracy_train": 76.43518518518519, "accuracy_validation": 75.85, "loss_train": 0.7283962570817457, "cost_validation": 0.7634114719793843, "epochs": 19, "_timestamp": 1678353306.509571, "_runtime": 63.43921709060669, "_step": 19, "_wandb": {"runtime": 62}}