{"accuracy_train": 72.32037037037037, "accuracy_validation": 70.95, "loss_train": 3.086888888888889, "cost_validation": 3.2036666666666664, "epochs": 9, "_timestamp": 1677972038.2113397, "_runtime": 58.330580711364746, "_step": 9, "_wandb": {"runtime": 57}}