{"accuracy_train": 47.483333333333334, "accuracy_validation": 46.33333333333333, "loss_train": 4.304162445638307, "cost_validation": 4.407024912278079, "epochs": 9, "_timestamp": 1678272740.815648, "_runtime": 24.5796000957489, "_step": 9, "_wandb": {"runtime": 24}}