{"accuracy_train": 87.94444444444444, "accuracy_validation": 85.35000000000001, "loss_train": 0.39581079970666366, "cost_validation": 0.5527699253514513, "epochs": 9, "_timestamp": 1678369106.5355065, "_runtime": 400.2274954319, "_step": 9, "_wandb": {"runtime": 399}}