{"accuracy_train": 70.47222222222223, "accuracy_validation": 68.91666666666667, "loss_train": 0.8843178688123899, "cost_validation": 0.9110481463909897, "epochs": 39, "_timestamp": 1677856928.8200116, "_runtime": 72.32284450531006, "_step": 39, "_wandb": {"runtime": 71}}