{"accuracy_train": 86.71296296296296, "accuracy_validation": 84.88333333333333, "loss_train": 0.367763939382496, "cost_validation": 0.40990324728611527, "epochs": 19, "_timestamp": 1678038056.3151424, "_runtime": 270.38574147224426, "_step": 19, "_wandb": {"runtime": 270}}