{"accuracy_train": 58.157407407407405, "accuracy_validation": 57.35, "loss_train": 1.1687966845499222, "cost_validation": 1.1992001909412202, "epochs": 39, "_timestamp": 1677903464.5785692, "_runtime": 94.56879210472107, "_step": 39, "_wandb": {"runtime": 94}}