{"accuracy_train": 41.93703703703704, "accuracy_validation": 42.21666666666667, "loss_train": 9.177541635127161, "cost_validation": 9.129208049477787, "epochs": 9, "_timestamp": 1678015216.971144, "_runtime": 36.98614501953125, "_step": 9, "_wandb": {"runtime": 36}}