{"accuracy_train": 37.50555555555555, "accuracy_validation": 36.65, "loss_train": 1.6621674419691141, "cost_validation": 1.670817697310316, "epochs": 39, "_timestamp": 1678019330.784485, "_runtime": 53.41676211357117, "_step": 39, "_wandb": {"runtime": 53}}