{"accuracy_train": 36.029629629629625, "accuracy_validation": 37.083333333333336, "loss_train": 2.009923221492198, "cost_validation": 1.9808533493964111, "epochs": 39, "_timestamp": 1678269242.3711414, "_runtime": 29.980117321014404, "_step": 39, "_wandb": {"runtime": 29}}