{"accuracy_train": 87.19259259259259, "accuracy_validation": 85.38333333333334, "loss_train": 0.3608833006466906, "cost_validation": 0.4159186797641177, "epochs": 9, "_timestamp": 1678352903.5779858, "_runtime": 126.94895076751709, "_step": 9, "_wandb": {"runtime": 126}}