{"accuracy_train": 41.092592592592595, "accuracy_validation": 39.68333333333333, "loss_train": 1.691460958006077, "cost_validation": 1.7335387274652563, "epochs": 39, "_timestamp": 1677855512.0281405, "_runtime": 285.98270058631897, "_step": 39, "_wandb": {"runtime": 285}}