{"accuracy_train": 85.31851851851852, "accuracy_validation": 84.08333333333333, "loss_train": 0.4074180463825426, "cost_validation": 0.44441432565644573, "epochs": 39, "_timestamp": 1677854692.215954, "_runtime": 60.60360503196716, "_step": 39, "_wandb": {"runtime": 59}}