{"accuracy_train": 89.8425925925926, "accuracy_validation": 86.45, "loss_train": 0.28274648203524444, "cost_validation": 0.4815817923425461, "epochs": 19, "_timestamp": 1678797973.4630697, "_runtime": 144.38593864440918, "_step": 19, "_wandb": {"runtime": 144}}