{"accuracy_train": 61.06851851851852, "accuracy_validation": 60.56666666666667, "loss_train": 1.0317964432772586, "cost_validation": 1.067165366456463, "epochs": 9, "_timestamp": 1678266260.6816158, "_runtime": 37.319042921066284, "_step": 9, "_wandb": {"runtime": 36}}