{"accuracy_train": 76.27777777777777, "accuracy_validation": 75.64999999999999, "loss_train": 6.316480760663666, "cost_validation": 6.699973419322332, "epochs": 9, "_timestamp": 1677850861.8779113, "_runtime": 66.98424744606018, "_step": 9, "_wandb": {"runtime": 66}}