{"accuracy_train": 82.67592592592592, "accuracy_validation": 82.46666666666667, "loss_train": 0.4752838043410804, "cost_validation": 0.4784863399151203, "epochs": 39, "_timestamp": 1678278852.0657966, "_runtime": 81.54335165023804, "_step": 39, "_wandb": {"runtime": 81}}