{"accuracy_train": 86.26481481481481, "accuracy_validation": 84.46666666666667, "loss_train": 0.37558903596372795, "cost_validation": 0.43351629529064656, "epochs": 9, "_timestamp": 1678099834.4263725, "_runtime": 287.26906847953796, "_step": 9, "_wandb": {"runtime": 287}}