{"accuracy_train": 97.99074074074075, "accuracy_validation": 97.13333333333334, "loss_train": 0.0688107004148598, "cost_validation": 0.09546882414184774, "epochs": 9, "_timestamp": 1678616317.7077463, "_runtime": 94.26243138313293, "_step": 9, "_wandb": {"runtime": 93}}