{"accuracy_train": 75.59629629629629, "accuracy_validation": 75.14999999999999, "loss_train": 0.7371290614713365, "cost_validation": 0.775993335956238, "epochs": 9, "_timestamp": 1678354011.6839297, "_runtime": 33.703333616256714, "_step": 9, "_wandb": {"runtime": 32}}