{"accuracy_train": 86.98333333333333, "accuracy_validation": 82.76666666666667, "loss_train": 1.0771024479860631, "cost_validation": 1.9287096434653677, "epochs": 18, "_timestamp": 1678341743.195204, "_runtime": 132.89810013771057, "_step": 18, "_wandb": {"runtime": 135}}