{"accuracy_train": 20.496296296296297, "accuracy_validation": 19.716666666666665, "loss_train": 2.1590903814240474, "cost_validation": 2.1647751911387147, "epochs": 4, "_timestamp": 1677764186.5380912, "_runtime": 22.369023084640503, "_step": 4, "_wandb": {"runtime": 21}}