{"accuracy_train": 10.031481481481482, "accuracy_validation": 9.716666666666667, "loss_train": 2.307248058184477, "cost_validation": 2.3062477181872545, "epochs": 39, "_timestamp": 1677870567.5370407, "_runtime": 513.4069166183472, "_step": 39, "_wandb": {"runtime": 512}}