{"accuracy_train": 81.10740740740741, "accuracy_validation": 79.96666666666667, "loss_train": 2.3261133642069365, "cost_validation": 2.4426869445290973, "epochs": 19, "_timestamp": 1677976573.4283097, "_runtime": 34.01003456115723, "_step": 19, "_wandb": {"runtime": 33}}