{"accuracy_train": 14.344444444444445, "accuracy_validation": 13.3, "loss_train": 3.717000256784456, "cost_validation": 3.7012613863689445, "epochs": 19, "_timestamp": 1677771477.4094708, "_runtime": 52.27532982826233, "_step": 19, "_wandb": {"runtime": 51}}