{"accuracy_train": 61.57962962962963, "accuracy_validation": 60.53333333333333, "loss_train": 0.9649123172213975, "cost_validation": 0.9789089785338472, "epochs": 9, "_timestamp": 1677978486.6386235, "_runtime": 247.05283546447754, "_step": 9, "_wandb": {"runtime": 246}}