{"accuracy_train": 65.63888888888889, "accuracy_validation": 64.8, "loss_train": 1.090599350350589, "cost_validation": 1.115398908275839, "epochs": 4, "_timestamp": 1677770132.47971, "_runtime": 56.34201002120972, "_step": 4, "_wandb": {"runtime": 55}}