{"accuracy_train": 86.55925925925926, "accuracy_validation": 86.16666666666667, "loss_train": 0.384075269144511, "cost_validation": 0.39678173313856674, "epochs": 19, "_timestamp": 1678260765.538381, "_runtime": 39.72965908050537, "_step": 19, "_wandb": {"runtime": 39}}