{"accuracy_train": 72.39444444444445, "accuracy_validation": 71.11666666666666, "loss_train": 0.782236185780407, "cost_validation": 0.8068397125132177, "epochs": 9, "_timestamp": 1677978226.7661881, "_runtime": 50.94389724731445, "_step": 9, "_wandb": {"runtime": 50}}