{"accuracy_train": 85.59814814814814, "accuracy_validation": 83.71666666666667, "loss_train": 0.4416483342777436, "cost_validation": 0.5765637069663887, "epochs": 9, "_timestamp": 1678396690.0773783, "_runtime": 151.70934629440308, "_step": 9, "_wandb": {"runtime": 151}}