{"accuracy_train": 51.214814814814815, "accuracy_validation": 49.666666666666664, "loss_train": 1.1752046082619518, "cost_validation": 1.2051442108253914, "epochs": 9, "_timestamp": 1677787506.323552, "_runtime": 21.556022882461548, "_step": 9, "_wandb": {"runtime": 20}}