{"accuracy_train": 73.07962962962962, "accuracy_validation": 72.35000000000001, "loss_train": 3759939000.0, "cost_validation": 47361000.0, "epochs": 0, "_timestamp": 1678259855.7417939, "_runtime": 26.837315797805786, "_step": 0, "_wandb": {"runtime": 26}}