{"accuracy_train": 75.32777777777778, "accuracy_validation": 74.05000000000001, "loss_train": 0.6809121451310821, "cost_validation": 0.6885573512256153, "epochs": 9, "_timestamp": 1678261937.4146938, "_runtime": 46.04366588592529, "_step": 9, "_wandb": {"runtime": 45}}