{"accuracy_train": 78.40555555555555, "accuracy_validation": 77.06666666666668, "loss_train": 0.5917072994470162, "cost_validation": 0.6141934140620151, "epochs": 9, "_timestamp": 1677828347.7839258, "_runtime": 80.49952387809753, "_step": 9, "_wandb": {"runtime": 79}}