{"accuracy_train": 89.0537037037037, "accuracy_validation": 86.23333333333333, "loss_train": 0.3339811117905991, "cost_validation": 0.5778159816329551, "epochs": 19, "_timestamp": 1678381697.1778247, "_runtime": 286.57282280921936, "_step": 19, "_wandb": {"runtime": 286}}