{"accuracy_train": 33.940740740740736, "accuracy_validation": 32.86666666666667, "loss_train": 1.469604665976115, "cost_validation": 1.4659948700952623, "epochs": 9, "_timestamp": 1677789091.0425315, "_runtime": 222.37039041519165, "_step": 9, "_wandb": {"runtime": 221}}