{"accuracy_train": 42.785185185185185, "accuracy_validation": 42.75, "loss_train": 4.63018671115798, "cost_validation": 4.762987195919685, "epochs": 9, "_timestamp": 1678271478.067768, "_runtime": 21.07699418067932, "_step": 9, "_wandb": {"runtime": 20}}