{"accuracy_train": 78.44074074074075, "accuracy_validation": 77.14999999999999, "loss_train": 0.713349079596386, "cost_validation": 0.8281741737591087, "epochs": 9, "_timestamp": 1678353885.402215, "_runtime": 28.14002799987793, "_step": 9, "_wandb": {"runtime": 27}}