{"accuracy_train": 83.71666666666667, "accuracy_validation": 82.93333333333334, "loss_train": 0.4853921952607196, "cost_validation": 0.49538600517804654, "epochs": 39, "_timestamp": 1678262136.7039068, "_runtime": 106.07602572441101, "_step": 39, "_wandb": {"runtime": 105}}