{"accuracy_train": 53.3962962962963, "accuracy_validation": 52.38333333333334, "loss_train": 1.2291179198423434, "cost_validation": 1.2526196087551658, "epochs": 9, "_timestamp": 1677821770.9770355, "_runtime": 73.29582452774048, "_step": 9, "_wandb": {"runtime": 72}}