{"accuracy_train": 72.63518518518518, "accuracy_validation": 71.96666666666667, "loss_train": 0.8221751395958233, "cost_validation": 0.8325158399897183, "epochs": 9, "_timestamp": 1677826382.1001022, "_runtime": 83.79345917701721, "_step": 9, "_wandb": {"runtime": 83}}