{"accuracy_train": 65.37037037037037, "accuracy_validation": 64.1, "loss_train": 0.9589168983758661, "cost_validation": 0.983266816185735, "epochs": 9, "_timestamp": 1677788371.6668806, "_runtime": 39.74548268318176, "_step": 9, "_wandb": {"runtime": 39}}