{"accuracy_train": 78.15185185185184, "accuracy_validation": 77.4, "loss_train": 0.6833247737839041, "cost_validation": 0.7053193631742806, "epochs": 19, "_timestamp": 1678348180.325014, "_runtime": 136.82049107551575, "_step": 19, "_wandb": {"runtime": 136}}