{"accuracy_train": 81.88333333333333, "accuracy_validation": 80.78333333333333, "loss_train": 0.5065926892205944, "cost_validation": 0.5421975624099609, "epochs": 19, "_timestamp": 1678023778.8747375, "_runtime": 116.88836646080017, "_step": 19, "_wandb": {"runtime": 116}}