{"accuracy_train": 11.059259259259258, "accuracy_validation": 11.133333333333335, "loss_train": 6.532808537570212, "cost_validation": 7.343725190824461, "epochs": 39, "_timestamp": 1677764444.9597557, "_runtime": 85.83156061172485, "_step": 39, "_wandb": {"runtime": 85}}