{"accuracy_train": 36.78333333333333, "accuracy_validation": 35.55, "loss_train": 1.4392075670623863, "cost_validation": 1.4663527168184145, "epochs": 39, "_timestamp": 1677976123.957855, "_runtime": 606.1642460823059, "_step": 39, "_wandb": {"runtime": 605}}