{"accuracy_train": 10.005555555555555, "accuracy_validation": 9.950000000000001, "loss_train": NaN, "cost_validation": NaN, "epochs": 19, "_timestamp": 1677771390.1366043, "_runtime": 530.2327213287354, "_step": 19, "_wandb": {"runtime": 529}}