{"accuracy_train": 57.859259259259254, "accuracy_validation": 57.9, "loss_train": 1.154152924768377, "cost_validation": 1.1318878088915196, "epochs": 9, "_timestamp": 1677826282.1298842, "_runtime": 140.7863211631775, "_step": 9, "_wandb": {"runtime": 140}}