{"accuracy_train": 75.20555555555556, "accuracy_validation": 74.18333333333334, "loss_train": 1.1411168808513492, "cost_validation": 1.2026855624254174, "epochs": 39, "_timestamp": 1677837786.1700978, "_runtime": 89.25611591339111, "_step": 39, "_wandb": {"runtime": 88}}