{"accuracy_train": 90.07222222222222, "accuracy_validation": 87.03333333333333, "loss_train": 0.2726967445831591, "cost_validation": 0.4258769009072905, "epochs": 19, "_timestamp": 1678390330.2414036, "_runtime": 82.15816164016724, "_step": 19, "_wandb": {"runtime": 81}}