{"accuracy_train": 69.27222222222223, "accuracy_validation": 68.65, "loss_train": 0.8201854922597633, "cost_validation": 0.8206706729211873, "epochs": 39, "_timestamp": 1678276322.2146704, "_runtime": 42.34309649467468, "_step": 39, "_wandb": {"runtime": 41}}