{"accuracy_train": 85.66851851851852, "accuracy_validation": 83.76666666666667, "loss_train": 0.4216829360123973, "cost_validation": 0.48748109736192097, "epochs": 9, "_timestamp": 1678356624.0299594, "_runtime": 36.97056245803833, "_step": 9, "_wandb": {"runtime": 35}}