{"accuracy_train": 80.22962962962963, "accuracy_validation": 80.01666666666667, "loss_train": 0.6499627001201561, "cost_validation": 0.6808449794774951, "epochs": 39, "_timestamp": 1677868310.6450012, "_runtime": 134.0855872631073, "_step": 39, "_wandb": {"runtime": 133}}