{"accuracy_train": 90.67962962962963, "accuracy_validation": 86.0, "loss_train": 0.2729403214516341, "cost_validation": 0.5879962704920145, "epochs": 19, "_timestamp": 1678133322.0080483, "_runtime": 403.24045038223267, "_step": 19, "_wandb": {"runtime": 402}}