{"accuracy_train": 89.97037037037036, "accuracy_validation": 86.41666666666666, "loss_train": 0.28104651614908804, "cost_validation": 0.4863867002789436, "epochs": 19, "_timestamp": 1678406828.0032725, "_runtime": 158.2331554889679, "_step": 19, "_wandb": {"runtime": 157}}