{"accuracy_train": 74.21296296296296, "accuracy_validation": 72.73333333333333, "loss_train": 0.7421148509154879, "cost_validation": 0.788856050616912, "epochs": 9, "_timestamp": 1678349681.977573, "_runtime": 30.30973982810974, "_step": 9, "_wandb": {"runtime": 29}}