{"accuracy_train": 87.99814814814815, "accuracy_validation": 86.0, "loss_train": 0.35072685775047935, "cost_validation": 0.4944465815262116, "epochs": 9, "_timestamp": 1678380045.9508324, "_runtime": 162.06217241287231, "_step": 9, "_wandb": {"runtime": 162}}