{"accuracy_train": 82.42962962962963, "accuracy_validation": 80.03333333333333, "loss_train": 0.5038472829063864, "cost_validation": 0.7222691415016849, "epochs": 7, "_timestamp": 1678395723.151426, "_runtime": 170.9983811378479, "_step": 7, "_wandb": {"runtime": 187}}