{"accuracy_train": 87.42962962962963, "accuracy_validation": 84.86666666666667, "loss_train": NaN, "cost_validation": NaN, "epochs": 19, "_timestamp": 1678096630.3448524, "_runtime": 1590.86305642128, "_step": 19, "_wandb": {"runtime": 1590}}