{"accuracy_train": 46.20925925925926, "accuracy_validation": 44.6, "loss_train": 1.7522372612924006, "cost_validation": 1.8291081811627476, "epochs": 19, "_timestamp": 1677871652.0227687, "_runtime": 72.73560881614685, "_step": 19, "_wandb": {"runtime": 72}}