{"accuracy_train": 89.45185185185184, "accuracy_validation": 86.18333333333334, "loss_train": 0.2943642311446882, "cost_validation": 0.4640730448604408, "epochs": 9, "_timestamp": 1678357609.3327384, "_runtime": 82.61328744888306, "_step": 9, "_wandb": {"runtime": 82}}