{"accuracy_train": 10.005555555555555, "accuracy_validation": 9.950000000000001, "loss_train": NaN, "cost_validation": NaN, "epochs": 4, "_timestamp": 1677762851.8914883, "_runtime": 22.06756830215454, "_step": 4, "_wandb": {"runtime": 21}}