{"accuracy_train": 81.9888888888889, "accuracy_validation": 81.58333333333333, "loss_train": 0.5212476785415288, "cost_validation": 0.5281107856742828, "epochs": 19, "_timestamp": 1678261637.9502642, "_runtime": 39.36372923851013, "_step": 19, "_wandb": {"runtime": 38}}