{"accuracy_train": 87.90185185185186, "accuracy_validation": 85.91666666666666, "loss_train": 0.32647425270002445, "cost_validation": 0.409303513483808, "epochs": 19, "_timestamp": 1678405916.4074583, "_runtime": 151.1993522644043, "_step": 19, "_wandb": {"runtime": 150}}