{"accuracy_train": 89.71296296296296, "accuracy_validation": 86.11666666666666, "loss_train": 0.2927810649464262, "cost_validation": 0.45567216617276024, "epochs": 9, "_timestamp": 1678389185.481727, "_runtime": 130.56398797035217, "_step": 9, "_wandb": {"runtime": 130}}