{"accuracy_train": 86.05000000000001, "accuracy_validation": 84.51666666666667, "loss_train": 0.40056848007631835, "cost_validation": 0.549688535726532, "epochs": 14, "_timestamp": 1678422966.5779335, "_runtime": 127.2588574886322, "_step": 14, "_wandb": {"runtime": 126}}