{"accuracy_train": 46.74444444444445, "accuracy_validation": 45.45, "loss_train": 1.3225125672095948, "cost_validation": 1.3405525651424286, "epochs": 9, "_timestamp": 1677818821.289429, "_runtime": 76.14066195487976, "_step": 9, "_wandb": {"runtime": 75}}