{"accuracy_train": 52.06111111111112, "accuracy_validation": 50.1, "loss_train": 1.1744273516693646, "cost_validation": 1.2098099934441346, "epochs": 9, "_timestamp": 1677830159.6226122, "_runtime": 43.83492827415466, "_step": 9, "_wandb": {"runtime": 43}}