{"accuracy_train": 91.21481481481482, "accuracy_validation": 86.3, "loss_train": 0.25025810408611554, "cost_validation": 0.5539126935101908, "epochs": 19, "_timestamp": 1678133915.1883576, "_runtime": 559.0034005641937, "_step": 19, "_wandb": {"runtime": 558}}