{"accuracy_train": 28.95740740740741, "accuracy_validation": 27.71666666666667, "loss_train": 1.9972177130729063, "cost_validation": 2.0253813229060755, "epochs": 39, "_timestamp": 1677849173.6960576, "_runtime": 82.87985944747925, "_step": 39, "_wandb": {"runtime": 82}}