{"accuracy_train": 76.8425925925926, "accuracy_validation": 75.46666666666667, "loss_train": 0.6466086195423284, "cost_validation": 0.6681295229829873, "epochs": 9, "_timestamp": 1678267905.0277567, "_runtime": 24.079667806625366, "_step": 9, "_wandb": {"runtime": 23}}