{"accuracy_train": 35.318518518518516, "accuracy_validation": 36.18333333333334, "loss_train": 1.8718834845348458, "cost_validation": 1.867312521307023, "epochs": 39, "_timestamp": 1677851729.9343197, "_runtime": 73.79878282546997, "_step": 39, "_wandb": {"runtime": 73}}