{"accuracy_train": 24.32962962962963, "accuracy_validation": 24.116666666666667, "loss_train": 1.6767290032539484, "cost_validation": 1.682708499239958, "epochs": 9, "_timestamp": 1677789316.4642117, "_runtime": 208.36740279197693, "_step": 9, "_wandb": {"runtime": 207}}