{"accuracy_train": 32.181481481481484, "accuracy_validation": 32.483333333333334, "loss_train": 1.5643000513195728, "cost_validation": 1.5657518251519928, "epochs": 9, "_timestamp": 1677787296.3978245, "_runtime": 121.55479454994202, "_step": 9, "_wandb": {"runtime": 120}}