{"accuracy_train": 75.22592592592594, "accuracy_validation": 74.08333333333333, "loss_train": 4.183070010364069, "cost_validation": 4.432212608914329, "epochs": 9, "_timestamp": 1678262390.0913134, "_runtime": 28.56470537185669, "_step": 9, "_wandb": {"runtime": 28}}