{"accuracy_train": 75.7388888888889, "accuracy_validation": 73.95, "loss_train": 0.6913799458751626, "cost_validation": 0.7463049624127541, "epochs": 19, "_timestamp": 1678355594.6271405, "_runtime": 62.069541454315186, "_step": 19, "_wandb": {"runtime": 61}}