{"accuracy_train": 79.42962962962963, "accuracy_validation": 77.95, "loss_train": 1.9206114818310742, "cost_validation": 2.11528554132915, "epochs": 19, "_timestamp": 1677836482.979472, "_runtime": 164.2386658191681, "_step": 19, "_wandb": {"runtime": 163}}