{"accuracy_train": 57.86111111111111, "accuracy_validation": 57.65, "loss_train": 1.0753854334124404, "cost_validation": 1.0895100470255834, "epochs": 9, "_timestamp": 1677826125.3299782, "_runtime": 143.6060812473297, "_step": 9, "_wandb": {"runtime": 143}}