{"accuracy_train": 45.422222222222224, "accuracy_validation": 44.11666666666667, "loss_train": 1.3260692130849314, "cost_validation": 1.3465847264935602, "epochs": 9, "_timestamp": 1677787612.4796782, "_runtime": 29.388667106628418, "_step": 9, "_wandb": {"runtime": 28}}