{"accuracy_train": 54.99074074074074, "accuracy_validation": 55.233333333333334, "loss_train": 4.258666666666667, "cost_validation": 4.1495, "epochs": 19, "_timestamp": 1678258634.4069884, "_runtime": 162.11996936798096, "_step": 19, "_wandb": {"runtime": 161}}