{"accuracy_train": 98.08518518518518, "accuracy_validation": 97.36666666666667, "loss_train": 0.0668093148295704, "cost_validation": 0.09031273632850509, "epochs": 9, "_timestamp": 1678616051.6900034, "_runtime": 81.56225943565369, "_step": 9, "_wandb": {"runtime": 81}}