{"accuracy_train": 97.58888888888889, "accuracy_validation": 97.03333333333333, "loss_train": 0.08087591763559059, "cost_validation": 0.10223835104668991, "epochs": 9, "_timestamp": 1678615926.9103036, "_runtime": 201.29099655151367, "_step": 9, "_wandb": {"runtime": 200}}