{"accuracy_train": 55.77592592592593, "accuracy_validation": 55.00000000000001, "loss_train": 1.2939873982005123, "cost_validation": 1.3109008953418266, "epochs": 9, "_timestamp": 1677820544.078385, "_runtime": 61.8738751411438, "_step": 9, "_wandb": {"runtime": 61}}