{"accuracy_train": 87.3425925925926, "accuracy_validation": 85.5, "loss_train": 0.3550692848486944, "cost_validation": 0.3965756472066932, "epochs": 19, "_timestamp": 1678037751.3920286, "_runtime": 490.88238048553467, "_step": 19, "_wandb": {"runtime": 490}}