{"accuracy_train": 71.62222222222222, "accuracy_validation": 70.41666666666667, "loss_train": 0.7782271506676902, "cost_validation": 0.8037377882936795, "epochs": 9, "_timestamp": 1677821535.9962862, "_runtime": 51.43815207481384, "_step": 9, "_wandb": {"runtime": 50}}