{"accuracy_train": 57.23888888888888, "accuracy_validation": 56.55, "loss_train": 1.2084862451641318, "cost_validation": 1.2190326240381262, "epochs": 9, "_timestamp": 1678000223.4488971, "_runtime": 43.69711923599243, "_step": 9, "_wandb": {"runtime": 43}}