{"accuracy_train": 82.46851851851852, "accuracy_validation": 81.41666666666667, "loss_train": 0.534228505290139, "cost_validation": 0.5846123526732323, "epochs": 19, "_timestamp": 1678025031.492151, "_runtime": 143.83655309677124, "_step": 19, "_wandb": {"runtime": 143}}