{"accuracy_train": 33.964814814814815, "accuracy_validation": 34.5, "loss_train": 6.810388358627693, "cost_validation": 6.692435908974192, "epochs": 9, "_timestamp": 1677871874.1741643, "_runtime": 26.801310300827026, "_step": 9, "_wandb": {"runtime": 26}}