{"accuracy_train": 75.39074074074074, "accuracy_validation": 74.05000000000001, "loss_train": 1.0669038918894933, "cost_validation": 1.1507017877653523, "epochs": 9, "_timestamp": 1678348520.2392213, "_runtime": 72.16563129425049, "_step": 9, "_wandb": {"runtime": 71}}