{"accuracy_train": 87.77037037037036, "accuracy_validation": 86.15, "loss_train": 0.33434471633163526, "cost_validation": 0.3808679877439759, "epochs": 9, "_timestamp": 1678350523.061151, "_runtime": 30.171890020370483, "_step": 9, "_wandb": {"runtime": 29}}