{"accuracy_train": 46.68703703703704, "accuracy_validation": 46.45, "loss_train": 6.319802986952381, "cost_validation": 6.268060215904762, "epochs": 39, "_timestamp": 1678015288.8307326, "_runtime": 55.54134464263916, "_step": 39, "_wandb": {"runtime": 55}}