{"accuracy_train": 91.51296296296296, "accuracy_validation": 87.05000000000001, "loss_train": 0.23448106527104234, "cost_validation": 0.4899746564183703, "epochs": 19, "_timestamp": 1678390600.893871, "_runtime": 148.0999140739441, "_step": 19, "_wandb": {"runtime": 147}}