{"accuracy_train": 72.54444444444445, "accuracy_validation": 71.76666666666667, "loss_train": 0.8224826886083278, "cost_validation": 0.8601066338041639, "epochs": 39, "_timestamp": 1678282165.3117745, "_runtime": 88.05965042114258, "_step": 39, "_wandb": {"runtime": 87}}