{"accuracy_train": 86.13148148148149, "accuracy_validation": 84.28333333333333, "loss_train": 0.41590781537217236, "cost_validation": 0.5450550099735839, "epochs": 39, "_timestamp": 1678277080.9402566, "_runtime": 496.7836356163025, "_step": 39, "_wandb": {"runtime": 496}}