{"accuracy_train": 73.73148148148148, "accuracy_validation": 72.41666666666666, "loss_train": 0.8158018855069289, "cost_validation": 0.8465241030380151, "epochs": 9, "_timestamp": 1677830272.0850792, "_runtime": 37.33861708641052, "_step": 9, "_wandb": {"runtime": 36}}