{"accuracy_train": 73.98333333333333, "accuracy_validation": 72.5, "loss_train": 0.8424421570722255, "cost_validation": 0.8618366920265293, "epochs": 9, "_timestamp": 1677841488.3077595, "_runtime": 41.47209358215332, "_step": 9, "_wandb": {"runtime": 40}}