{"accuracy_train": 86.00555555555556, "accuracy_validation": 83.81666666666666, "loss_train": 0.40656135880524197, "cost_validation": 0.5878690433936878, "epochs": 19, "_timestamp": 1678424726.730251, "_runtime": 145.71953010559082, "_step": 19, "_wandb": {"runtime": 145}}