{"accuracy_train": 12.248148148148148, "accuracy_validation": 12.216666666666667, "loss_train": 5.22824129077114, "cost_validation": 5.231778186826198, "epochs": 19, "_timestamp": 1677754571.0137293, "_runtime": 32.36032843589783, "_step": 19, "_wandb": {"runtime": 31}}