{"accuracy_train": 84.33888888888889, "accuracy_validation": 83.05, "loss_train": 0.4766310433482569, "cost_validation": 0.5288453474316963, "epochs": 19, "_timestamp": 1678385369.1854868, "_runtime": 123.34971785545349, "_step": 19, "_wandb": {"runtime": 122}}