{"accuracy_train": 95.5574074074074, "accuracy_validation": 95.48333333333333, "loss_train": 0.16745604690519067, "cost_validation": 0.1674188997884521, "epochs": 9, "_timestamp": 1678549981.7589712, "_runtime": 118.58556914329529, "_step": 9, "_wandb": {"runtime": 118}}