{"accuracy_train": 90.23703703703704, "accuracy_validation": 86.3, "loss_train": NaN, "cost_validation": NaN, "epochs": 39, "_timestamp": 1678128105.5548787, "_runtime": 1168.969411611557, "_step": 39, "_wandb": {"runtime": 1167}}