{"accuracy_train": 82.31666666666668, "accuracy_validation": 80.78333333333333, "loss_train": 0.5347778512627793, "cost_validation": 0.6065916284860079, "epochs": 9, "_timestamp": 1677995695.2014, "_runtime": 177.269278049469, "_step": 9, "_wandb": {"runtime": 176}}