{"accuracy_train": 88.41481481481482, "accuracy_validation": 85.9, "loss_train": 0.4043219855943885, "cost_validation": 0.581636708859152, "epochs": 9, "_timestamp": 1678368673.9637115, "_runtime": 345.60248255729675, "_step": 9, "_wandb": {"runtime": 345}}