{"accuracy_train": 6.246296296296296, "accuracy_validation": 5.6000000000000005, "loss_train": 2.822908148913509, "cost_validation": 2.848500844341493, "epochs": 39, "_timestamp": 1678268591.999905, "_runtime": 32.909611225128174, "_step": 39, "_wandb": {"runtime": 32}}