{"accuracy_train": 85.11666666666666, "accuracy_validation": 83.01666666666667, "loss_train": 0.40648727963889075, "cost_validation": 0.4500190089428004, "epochs": 19, "_timestamp": 1678030623.1030548, "_runtime": 518.090039730072, "_step": 19, "_wandb": {"runtime": 517}}