{"accuracy_train": 88.17037037037036, "accuracy_validation": 85.6, "loss_train": 0.333872378828766, "cost_validation": 0.6148342144576896, "epochs": 19, "_timestamp": 1678815458.9126124, "_runtime": 155.1150975227356, "_step": 19, "_wandb": {"runtime": 154}}