{"accuracy_train": 88.51296296296296, "accuracy_validation": 86.36666666666667, "loss_train": 0.32574917533001, "cost_validation": 0.43639887328513627, "epochs": 9, "_timestamp": 1678815013.7937598, "_runtime": 77.53175473213196, "_step": 9, "_wandb": {"runtime": 76}}