{"accuracy_train": 82.87037037037037, "accuracy_validation": 80.78333333333333, "loss_train": 0.4891593058029157, "cost_validation": 0.5500575555004648, "epochs": 19, "_timestamp": 1678050501.8231394, "_runtime": 331.95007848739624, "_step": 19, "_wandb": {"runtime": 331}}