{"accuracy_train": 98.25370370370369, "accuracy_validation": 97.1, "loss_train": 0.06332410411482556, "cost_validation": 0.09630429761489123, "epochs": 9, "_timestamp": 1678640530.700625, "_runtime": 45.95651984214783, "_step": 9, "_wandb": {"runtime": 45}}