{"accuracy_train": 86.10185185185185, "accuracy_validation": 84.38333333333333, "loss_train": 0.40079560226801714, "cost_validation": 0.4444010352098781, "epochs": 9, "_timestamp": 1678372442.888812, "_runtime": 408.8491930961609, "_step": 9, "_wandb": {"runtime": 408}}