{"accuracy_train": 86.47037037037038, "accuracy_validation": 84.88333333333333, "loss_train": 0.3765950942506481, "cost_validation": 0.41407126078055045, "epochs": 9, "_timestamp": 1678345960.0593688, "_runtime": 60.490214824676514, "_step": 9, "_wandb": {"runtime": 59}}