{"accuracy_train": 79.37222222222222, "accuracy_validation": 78.83333333333333, "loss_train": 2.5598924673967396, "cost_validation": 2.6381988732373243, "epochs": 9, "_timestamp": 1678015451.9130769, "_runtime": 37.64312791824341, "_step": 9, "_wandb": {"runtime": 37}}