{"accuracy_train": 23.612962962962964, "accuracy_validation": 22.866666666666667, "loss_train": 1.7777075485823526, "cost_validation": 1.7861405327385167, "epochs": 19, "_timestamp": 1678625873.0986912, "_runtime": 43.553765296936035, "_step": 19, "_wandb": {"runtime": 43}}