{"accuracy_train": 87.99814814814815, "accuracy_validation": 86.03333333333333, "loss_train": 0.3281464652111454, "cost_validation": 0.3834493820441456, "epochs": 9, "_timestamp": 1678384741.2334986, "_runtime": 74.77002263069153, "_step": 9, "_wandb": {"runtime": 74}}