{"accuracy_train": 41.964814814814815, "accuracy_validation": 42.016666666666666, "loss_train": 1.4006635109985381, "cost_validation": 1.4171447326590147, "epochs": 9, "_timestamp": 1677831157.579682, "_runtime": 49.78849220275879, "_step": 9, "_wandb": {"runtime": 49}}