{"accuracy_train": 63.71666666666667, "accuracy_validation": 63.0, "loss_train": 1.1117851134079682, "cost_validation": 1.1516979710751698, "epochs": 9, "_timestamp": 1678279430.886543, "_runtime": 22.4635751247406, "_step": 9, "_wandb": {"runtime": 22}}