{"accuracy_train": 85.77962962962962, "accuracy_validation": 83.71666666666667, "loss_train": 0.39732534097963157, "cost_validation": 0.5104164380481552, "epochs": 9, "_timestamp": 1678388801.4003832, "_runtime": 217.54147219657898, "_step": 9, "_wandb": {"runtime": 216}}