{"accuracy_train": 88.48148148148148, "accuracy_validation": 85.16666666666667, "loss_train": 0.538040892730931, "cost_validation": 0.7783193643719711, "epochs": 19, "_timestamp": 1678348937.688949, "_runtime": 169.26324105262756, "_step": 19, "_wandb": {"runtime": 168}}