{"accuracy_train": 66.60925925925926, "accuracy_validation": 65.45, "loss_train": 0.9685963084744975, "cost_validation": 0.9879401998340249, "epochs": 9, "_timestamp": 1677995063.437683, "_runtime": 32.25714111328125, "_step": 9, "_wandb": {"runtime": 31}}