{"accuracy_train": 86.64074074074074, "accuracy_validation": 84.89999999999999, "loss_train": 0.3781219765293869, "cost_validation": 0.45826315963685654, "epochs": 9, "_timestamp": 1678396959.4658494, "_runtime": 52.620155334472656, "_step": 9, "_wandb": {"runtime": 51}}