{"accuracy_train": 53.349999999999994, "accuracy_validation": 51.516666666666666, "loss_train": 1.115578605197327, "cost_validation": 1.1454280093244447, "epochs": 9, "_timestamp": 1677833385.0919807, "_runtime": 40.86479163169861, "_step": 9, "_wandb": {"runtime": 40}}