{"accuracy_train": 78.41296296296296, "accuracy_validation": 76.6, "loss_train": 1.3980616846166383, "cost_validation": 1.6003480461149628, "epochs": 39, "_timestamp": 1677859679.3760784, "_runtime": 1015.4459674358368, "_step": 39, "_wandb": {"runtime": 1014}}