{"accuracy_train": 10.018518518518519, "accuracy_validation": 9.833333333333332, "loss_train": 3.9952901894562585, "cost_validation": 4.166244208190287, "epochs": 9, "_timestamp": 1677764061.935894, "_runtime": 38.30420804023743, "_step": 9, "_wandb": {"runtime": 37}}