{"accuracy_train": 85.66296296296296, "accuracy_validation": 83.43333333333334, "loss_train": 0.42329355773730115, "cost_validation": 0.48207495311997317, "epochs": 19, "_timestamp": 1678351752.7839038, "_runtime": 39.48793172836304, "_step": 19, "_wandb": {"runtime": 38}}