{"accuracy_train": 41.525925925925925, "accuracy_validation": 40.36666666666667, "loss_train": 1.2791013327106875, "cost_validation": 1.2838439757446491, "epochs": 39, "_timestamp": 1677977865.7407436, "_runtime": 182.94130659103394, "_step": 39, "_wandb": {"runtime": 182}}