{"accuracy_train": 83.64259259259259, "accuracy_validation": 82.65, "loss_train": 0.46657321182109485, "cost_validation": 0.504158724735729, "epochs": 9, "_timestamp": 1678027653.4379606, "_runtime": 61.69839262962341, "_step": 9, "_wandb": {"runtime": 61}}