{"accuracy_train": 88.55185185185185, "accuracy_validation": 86.23333333333333, "loss_train": 0.32886848829549864, "cost_validation": 0.3793152354517292, "epochs": 19, "_timestamp": 1678379849.5931158, "_runtime": 536.0587937831879, "_step": 19, "_wandb": {"runtime": 535}}