{"accuracy_train": 87.99814814814815, "accuracy_validation": 86.0, "loss_train": 0.35128193016256354, "cost_validation": 0.49444658152621157, "epochs": 9, "_timestamp": 1678098719.8805828, "_runtime": 211.64856481552124, "_step": 9, "_wandb": {"runtime": 211}}