{"accuracy_train": 82.61851851851851, "accuracy_validation": 81.65, "loss_train": 0.7079352787480867, "cost_validation": 0.7388338940441044, "epochs": 19, "_timestamp": 1678029149.9047651, "_runtime": 197.13904404640198, "_step": 19, "_wandb": {"runtime": 196}}