{"accuracy_train": 88.8, "accuracy_validation": 85.96666666666667, "loss_train": 0.33663147036697627, "cost_validation": 0.4705959263963456, "epochs": 9, "_timestamp": 1678099007.7247384, "_runtime": 264.5251712799072, "_step": 9, "_wandb": {"runtime": 264}}