{"accuracy_train": 88.70370370370371, "accuracy_validation": 86.26666666666667, "loss_train": 0.3243532688430353, "cost_validation": 0.4359219386856007, "epochs": 9, "_timestamp": 1678384395.850883, "_runtime": 82.9507110118866, "_step": 9, "_wandb": {"runtime": 82}}