{"accuracy_train": 59.766666666666666, "accuracy_validation": 58.31666666666667, "loss_train": 3.225230025713465, "cost_validation": 3.401403368817945, "epochs": 39, "_timestamp": 1678274044.3323135, "_runtime": 36.15829944610596, "_step": 39, "_wandb": {"runtime": 35}}