{"accuracy_train": 15.444444444444445, "accuracy_validation": 14.983333333333334, "loss_train": 3.244411416783308, "cost_validation": 3.266897826183002, "epochs": 9, "_timestamp": 1677822237.4532607, "_runtime": 57.0001015663147, "_step": 9, "_wandb": {"runtime": 56}}