{"accuracy_train": 74.64074074074074, "accuracy_validation": 73.66666666666667, "loss_train": 0.6996164551321271, "cost_validation": 0.727572822124676, "epochs": 9, "_timestamp": 1677837928.1961741, "_runtime": 65.12282013893127, "_step": 9, "_wandb": {"runtime": 64}}