{"accuracy_train": 58.98518518518519, "accuracy_validation": 58.13333333333334, "loss_train": 1.0069729755418446, "cost_validation": 1.031193968895767, "epochs": 9, "_timestamp": 1677820272.7046084, "_runtime": 65.6333315372467, "_step": 9, "_wandb": {"runtime": 65}}