{"accuracy_train": 85.58148148148148, "accuracy_validation": 84.43333333333334, "loss_train": 0.3876114748070586, "cost_validation": 0.4195330457834762, "epochs": 4, "_timestamp": 1678620288.0763586, "_runtime": 59.59051966667175, "_step": 4}