{"accuracy_train": 90.11296296296297, "accuracy_validation": 86.26666666666667, "loss_train": 0.27196361696527466, "cost_validation": 0.4364753905813913, "epochs": 19, "_timestamp": 1678425116.845773, "_runtime": 85.80058097839355, "_step": 19, "_wandb": {"runtime": 85}}