{"accuracy_train": 56.36111111111111, "accuracy_validation": 56.21666666666667, "loss_train": 1.1133896178533325, "cost_validation": 1.1180802805862988, "epochs": 9, "_timestamp": 1677832515.966974, "_runtime": 59.08037996292114, "_step": 9, "_wandb": {"runtime": 58}}