{"accuracy_train": 45.31111111111111, "accuracy_validation": 44.36666666666667, "loss_train": 1.2792133616268326, "cost_validation": 1.28652083771577, "epochs": 9, "_timestamp": 1677818189.741059, "_runtime": 299.1344311237335, "_step": 9, "_wandb": {"runtime": 297}}