{"accuracy_train": 90.16851851851851, "accuracy_validation": 85.95, "loss_train": 0.3217997160044825, "cost_validation": 0.7256685998523852, "epochs": 19, "_timestamp": 1678124730.0858629, "_runtime": 1009.0518159866333, "_step": 19, "_wandb": {"runtime": 1008}}