{"accuracy_train": 73.39444444444445, "accuracy_validation": 72.26666666666667, "loss_train": 0.7431970770486408, "cost_validation": 0.7599031238214234, "epochs": 39, "_timestamp": 1678277579.385173, "_runtime": 228.68666315078735, "_step": 39, "_wandb": {"runtime": 228}}