{"accuracy_train": 83.03888888888889, "accuracy_validation": 81.76666666666667, "loss_train": 0.5156250561538231, "cost_validation": 0.5637131688029943, "epochs": 9, "_timestamp": 1677856653.7595632, "_runtime": 54.06278729438782, "_step": 9, "_wandb": {"runtime": 53}}