{"accuracy_train": 78.67592592592592, "accuracy_validation": 75.8, "loss_train": 3.0672094636699843, "cost_validation": 3.658645479633151, "epochs": 39, "_timestamp": 1678281880.034192, "_runtime": 75.10841917991638, "_step": 39, "_wandb": {"runtime": 74}}