{"accuracy_train": 44.84814814814815, "accuracy_validation": 44.55, "loss_train": 6.564485479641527, "cost_validation": 6.620702650107072, "epochs": 9, "_timestamp": 1678001517.5256891, "_runtime": 44.88081407546997, "_step": 9, "_wandb": {"runtime": 44}}