{"accuracy_train": 82.4037037037037, "accuracy_validation": 81.06666666666666, "loss_train": 1.2421793224894322, "cost_validation": 1.3075118430037385, "epochs": 19, "_timestamp": 1678041325.3697438, "_runtime": 422.891126871109, "_step": 19, "_wandb": {"runtime": 422}}