{"accuracy_train": 11.225925925925925, "accuracy_validation": 11.333333333333332, "loss_train": 2.3073552368198214, "cost_validation": 2.3086429073251264, "epochs": 9, "_timestamp": 1678549179.142691, "_runtime": 296.1898899078369, "_step": 9, "_wandb": {"runtime": 295}}