{"accuracy_train": 87.58703703703704, "accuracy_validation": 85.45, "loss_train": 0.33993075024930597, "cost_validation": 0.40015996164809625, "epochs": 19, "_timestamp": 1678383132.7676225, "_runtime": 519.6051485538483, "_step": 19, "_wandb": {"runtime": 519}}