{"accuracy_train": 85.77962962962962, "accuracy_validation": 83.83333333333334, "loss_train": 0.4121267568210118, "cost_validation": 0.46304549635541503, "epochs": 19, "_timestamp": 1678385944.9056346, "_runtime": 119.4598286151886, "_step": 19, "_wandb": {"runtime": 119}}