{"accuracy_train": 80.69814814814815, "accuracy_validation": 79.63333333333334, "loss_train": 0.5153650474643062, "cost_validation": 0.5437665890813189, "epochs": 19, "_timestamp": 1678426311.9579885, "_runtime": 358.0135545730591, "_step": 19, "_wandb": {"runtime": 357}}