{"accuracy_train": 77.66296296296296, "accuracy_validation": 76.46666666666667, "loss_train": 1.0379947717588465, "cost_validation": 1.0649793517328507, "epochs": 19, "_timestamp": 1678273756.2421362, "_runtime": 25.05613923072815, "_step": 19, "_wandb": {"runtime": 24}}