{"accuracy_train": 40.33888888888889, "accuracy_validation": 39.53333333333333, "loss_train": 1.4193218265188439, "cost_validation": 1.4313626301299684, "epochs": 19, "_timestamp": 1678270012.9834552, "_runtime": 160.9784712791443, "_step": 19, "_wandb": {"runtime": 160}}