{"accuracy_train": 81.77222222222223, "accuracy_validation": 79.88333333333333, "loss_train": 3.0528238121631004, "cost_validation": 3.3932217745985245, "epochs": 19, "_timestamp": 1678267717.8988926, "_runtime": 49.74594473838806, "_step": 19, "_wandb": {"runtime": 49}}