{"accuracy_train": 47.78703703703704, "accuracy_validation": 47.599999999999994, "loss_train": 1.184963775048002, "cost_validation": 1.2019730437173892, "epochs": 19, "_timestamp": 1678021621.2883198, "_runtime": 147.74235582351685, "_step": 19, "_wandb": {"runtime": 147}}