{"accuracy_train": 51.781481481481485, "accuracy_validation": 52.400000000000006, "loss_train": 1.7020248583755917, "cost_validation": 1.6993688236189002, "epochs": 19, "_timestamp": 1677837849.0418165, "_runtime": 50.69295835494995, "_step": 19, "_wandb": {"runtime": 50}}