{"accuracy_train": 82.92037037037036, "accuracy_validation": 82.06666666666666, "loss_train": 0.5393022687477654, "cost_validation": 0.5799247242825513, "epochs": 9, "_timestamp": 1678099258.998677, "_runtime": 228.62008810043335, "_step": 9, "_wandb": {"runtime": 228}}