{"accuracy_train": 86.31296296296296, "accuracy_validation": 84.06666666666666, "loss_train": 0.3760650389105991, "cost_validation": 0.5296311202671321, "epochs": 19, "_timestamp": 1678424570.5271902, "_runtime": 81.29686522483826, "_step": 19, "_wandb": {"runtime": 80}}