{"accuracy_train": 82.41851851851851, "accuracy_validation": 82.3, "loss_train": 0.4900224155346383, "cost_validation": 0.512964524187221, "epochs": 9, "_timestamp": 1678407026.3217838, "_runtime": 110.88854789733887, "_step": 9, "_wandb": {"runtime": 104}}