{"accuracy_train": 86.79814814814814, "accuracy_validation": 85.33333333333334, "loss_train": 0.3703257424579786, "cost_validation": 0.44060114764449626, "epochs": 9, "_timestamp": 1678348289.4398475, "_runtime": 47.0722393989563, "_step": 9, "_wandb": {"runtime": 46}}