{"accuracy_train": 83.86666666666667, "accuracy_validation": 82.36666666666666, "loss_train": 0.5031383076530849, "cost_validation": 0.5605322820471317, "epochs": 9, "_timestamp": 1678351386.7437398, "_runtime": 27.451921939849854, "_step": 9, "_wandb": {"runtime": 26}}