{"accuracy_train": 78.74074074074075, "accuracy_validation": 77.8, "loss_train": 0.5971675978293619, "cost_validation": 0.6189269840802408, "epochs": 9, "_timestamp": 1677776237.434871, "_runtime": 595.4619250297546, "_step": 9, "_wandb": {"runtime": 594}}