{"accuracy_train": 90.13148148148147, "accuracy_validation": 90.10000000000001, "loss_train": 0.33851195655030175, "cost_validation": 0.3335025904515501, "epochs": 9, "_timestamp": 1678549459.7438388, "_runtime": 267.8541588783264, "_step": 9, "_wandb": {"runtime": 267}}