{"accuracy_train": 83.73333333333333, "accuracy_validation": 81.65, "loss_train": 0.4376157702072169, "cost_validation": 0.5293460482070806, "epochs": 9, "_timestamp": 1678273993.8431168, "_runtime": 37.956634759902954, "_step": 9, "_wandb": {"runtime": 37}}