{"accuracy_train": 88.55925925925926, "accuracy_validation": 85.98333333333333, "loss_train": 0.3221664730955259, "cost_validation": 0.4983425946348778, "epochs": 15, "_timestamp": 1678395309.4059398, "_runtime": 150.80836582183838, "_step": 15, "_wandb": {"runtime": 152}}