{"accuracy_train": 95.99074074074075, "accuracy_validation": 96.01666666666667, "loss_train": 0.14664989944018833, "cost_validation": 0.14988639441866694, "epochs": 9, "_timestamp": 1678440684.6177413, "_runtime": 46.75940942764282, "_step": 9, "_wandb": {"runtime": 46}}