{"accuracy_train": 32.512962962962966, "accuracy_validation": 33.416666666666664, "loss_train": 9.381622456597434, "cost_validation": 9.458102109376902, "epochs": 9, "_timestamp": 1677996860.2417977, "_runtime": 33.60530161857605, "_step": 9, "_wandb": {"runtime": 33}}