{"accuracy_train": 66.99444444444444, "accuracy_validation": 66.7, "loss_train": 0.8624863133902442, "cost_validation": 0.8758256112825038, "epochs": 19, "_timestamp": 1678042061.4204304, "_runtime": 199.13523745536804, "_step": 19, "_wandb": {"runtime": 198}}