{"accuracy_train": 22.224074074074075, "accuracy_validation": 21.65, "loss_train": 2.207249607844157, "cost_validation": 2.210315497790941, "epochs": 19, "_timestamp": 1677992657.475545, "_runtime": 40.45626783370972, "_step": 19, "_wandb": {"runtime": 40}}