{"accuracy_train": 85.53888888888889, "accuracy_validation": 83.91666666666666, "loss_train": 0.44302128584269307, "cost_validation": 0.4932552217405734, "epochs": 9, "_timestamp": 1678354940.8543792, "_runtime": 38.14536118507385, "_step": 9, "_wandb": {"runtime": 37}}