{"accuracy_train": 71.62592592592593, "accuracy_validation": 70.16666666666667, "loss_train": 0.954135298978019, "cost_validation": 1.0042035268655505, "epochs": 9, "_timestamp": 1678000166.428757, "_runtime": 242.82029485702515, "_step": 9, "_wandb": {"runtime": 242}}