{"accuracy_train": 67.4037037037037, "accuracy_validation": 66.48333333333333, "loss_train": 0.8600431117871297, "cost_validation": 0.8925696484456891, "epochs": 9, "_timestamp": 1678355958.5536048, "_runtime": 65.71760177612305, "_step": 9, "_wandb": {"runtime": 65}}