{"accuracy_train": 84.48518518518519, "accuracy_validation": 84.03333333333333, "loss_train": 2844882000.000036, "cost_validation": 34542000.00032102, "epochs": 39, "_timestamp": 1678259572.7997174, "_runtime": 159.45646047592163, "_step": 39, "_wandb": {"runtime": 158}}