{"accuracy_train": 79.61851851851853, "accuracy_validation": 78.43333333333334, "loss_train": 0.5843468775328547, "cost_validation": 0.6141124953234537, "epochs": 14, "_timestamp": 1678400740.675886, "_runtime": 477.1854639053345, "_step": 14, "_wandb": {"runtime": 476}}