{"accuracy_train": 37.62592592592593, "accuracy_validation": 36.96666666666666, "loss_train": 1.3808260911829433, "cost_validation": 1.6769360031346419, "epochs": 39, "_timestamp": 1677977094.83741, "_runtime": 63.71932601928711, "_step": 39, "_wandb": {"runtime": 63}}