{"accuracy_train": 42.06481481481482, "accuracy_validation": 42.833333333333336, "loss_train": 1.6395388777184252, "cost_validation": 1.6277999375630825, "epochs": 9, "_timestamp": 1677829271.8198295, "_runtime": 96.66747641563416, "_step": 9, "_wandb": {"runtime": 96}}