{"accuracy_train": 88.5962962962963, "accuracy_validation": 86.38333333333334, "loss_train": 0.32319823866332054, "cost_validation": 0.4491977207065536, "epochs": 9, "_timestamp": 1678397056.78984, "_runtime": 85.4691059589386, "_step": 9, "_wandb": {"runtime": 84}}