{"accuracy_train": 80.87592592592593, "accuracy_validation": 79.83333333333333, "loss_train": 0.5608478359086737, "cost_validation": 0.5952870451196192, "epochs": 9, "_timestamp": 1677819147.896804, "_runtime": 62.11906814575195, "_step": 9, "_wandb": {"runtime": 61}}