{"accuracy_train": 88.8, "accuracy_validation": 85.96666666666667, "loss_train": 0.3360491742374489, "cost_validation": 0.4683092544524873, "epochs": 9, "_timestamp": 1678343373.1813555, "_runtime": 166.16761445999146, "_step": 9, "_wandb": {"runtime": 165}}