{"accuracy_train": 86.35185185185185, "accuracy_validation": 84.56666666666666, "loss_train": 0.4249934360005936, "cost_validation": 0.4968011720668031, "epochs": 19, "_timestamp": 1678375265.86288, "_runtime": 569.5808050632477, "_step": 19, "_wandb": {"runtime": 569}}