{"accuracy_train": 73.79259259259258, "accuracy_validation": 72.65, "loss_train": 0.7444489889438818, "cost_validation": 0.7695622453673039, "epochs": 39, "_timestamp": 1677980349.3788044, "_runtime": 127.59392547607422, "_step": 39, "_wandb": {"runtime": 127}}