{"accuracy_train": 76.8851851851852, "accuracy_validation": 75.53333333333333, "loss_train": 0.6410348675683071, "cost_validation": 0.6668351028225322, "epochs": 19, "_timestamp": 1678269839.0581732, "_runtime": 222.24557209014893, "_step": 19, "_wandb": {"runtime": 221}}