{"accuracy_train": 88.53888888888889, "accuracy_validation": 86.66666666666667, "loss_train": 0.31500056391727616, "cost_validation": 0.4081747033560269, "epochs": 9, "_timestamp": 1678388859.0025506, "_runtime": 44.678229570388794, "_step": 9, "_wandb": {"runtime": 44}}