{"accuracy_train": 87.23703703703704, "accuracy_validation": 85.65, "loss_train": 0.3481368393341814, "cost_validation": 0.40004793127829524, "epochs": 19, "_timestamp": 1678022518.239959, "_runtime": 601.1350719928741, "_step": 19, "_wandb": {"runtime": 600}}