{"accuracy_train": 57.098148148148155, "accuracy_validation": 56.01666666666667, "loss_train": 1.2282533831737301, "cost_validation": 1.3024274811905714, "epochs": 19, "_timestamp": 1678016339.3869903, "_runtime": 650.0257093906403, "_step": 19, "_wandb": {"runtime": 649}}