{"accuracy_train": 10.005555555555555, "accuracy_validation": 9.950000000000001, "loss_train": NaN, "cost_validation": NaN, "epochs": 19, "_timestamp": 1677770060.7693563, "_runtime": 26.94350028038025, "_step": 19, "_wandb": {"runtime": 26}}