{"accuracy_train": 59.68333333333333, "accuracy_validation": 58.06666666666666, "loss_train": 1.0671597620942805, "cost_validation": 1.0933877237769158, "epochs": 39, "_timestamp": 1677850515.4171052, "_runtime": 106.34458017349243, "_step": 39, "_wandb": {"runtime": 105}}