{"accuracy_train": 88.82962962962962, "accuracy_validation": 85.63333333333333, "loss_train": 0.3079697427123987, "cost_validation": 0.4847555123080479, "epochs": 19, "_timestamp": 1677982132.4887986, "_runtime": 445.28969264030457, "_step": 19, "_wandb": {"runtime": 445}}