{"accuracy_train": 85.03703703703704, "accuracy_validation": 84.31666666666666, "loss_train": 0.43727659486648707, "cost_validation": 0.45797237617874714, "epochs": 39, "_timestamp": 1677903175.7539778, "_runtime": 80.12924575805664, "_step": 39, "_wandb": {"runtime": 79}}