{"accuracy_train": 66.28333333333333, "accuracy_validation": 65.73333333333333, "loss_train": 7.185895846728769, "cost_validation": 7.224157694863451, "epochs": 19, "_timestamp": 1678259816.3864303, "_runtime": 45.02899622917175, "_step": 19, "_wandb": {"runtime": 44}}