{"accuracy_train": 31.17037037037037, "accuracy_validation": 30.7, "loss_train": 1.5616317763952088, "cost_validation": 1.5747188670816297, "epochs": 19, "_timestamp": 1678016430.8233168, "_runtime": 54.03703284263611, "_step": 19, "_wandb": {"runtime": 53}}