{"accuracy_train": 91.0537037037037, "accuracy_validation": 86.86666666666667, "loss_train": 0.25858031959515787, "cost_validation": 0.5934709121644501, "epochs": 39, "_timestamp": 1678393082.5406003, "_runtime": 277.1253273487091, "_step": 39, "_wandb": {"runtime": 276}}