{"accuracy_train": 16.616666666666667, "accuracy_validation": 17.266666666666666, "loss_train": 2.672213217891353, "cost_validation": 2.6792999732345213, "epochs": 9, "_timestamp": 1677822165.0743399, "_runtime": 60.371198892593384, "_step": 9, "_wandb": {"runtime": 59}}