{"accuracy_train": 9.985185185185186, "accuracy_validation": 10.133333333333333, "loss_train": 2.3026536393832604, "cost_validation": 2.3025022962627353, "epochs": 9, "_timestamp": 1677753730.3212736, "_runtime": 106.48636960983276, "_step": 9, "_wandb": {"runtime": 105}}