{"accuracy_train": 69.35, "accuracy_validation": 68.46666666666667, "loss_train": 3.0685719237932854, "cost_validation": 3.22329658298694, "epochs": 39, "_timestamp": 1677865954.5122879, "_runtime": 2175.0279767513275, "_step": 39, "_wandb": {"runtime": 2174}}