{"accuracy_train": 71.0925925925926, "accuracy_validation": 69.89999999999999, "loss_train": 0.7961990544703014, "cost_validation": 0.8163740057238796, "epochs": 19, "_timestamp": 1677903353.1694362, "_runtime": 160.8860101699829, "_step": 19, "_wandb": {"runtime": 160}}