{"accuracy_train": 64.77777777777777, "accuracy_validation": 63.866666666666674, "loss_train": 1.0029108560081152, "cost_validation": 1.0272561806942657, "epochs": 19, "_timestamp": 1677858455.873239, "_runtime": 83.74923992156982, "_step": 19, "_wandb": {"runtime": 83}}