{"accuracy_train": 82.1962962962963, "accuracy_validation": 80.96666666666667, "loss_train": 0.5828161450606223, "cost_validation": 0.6282883922210292, "epochs": 9, "_timestamp": 1677824048.3952909, "_runtime": 67.95824885368347, "_step": 9, "_wandb": {"runtime": 67}}