{"accuracy_train": 52.53148148148148, "accuracy_validation": 51.68333333333334, "loss_train": 1.2335889391030983, "cost_validation": 1.2486487403150979, "epochs": 9, "_timestamp": 1678278888.3698494, "_runtime": 22.686428546905518, "_step": 9, "_wandb": {"runtime": 22}}