{"accuracy_train": 87.19074074074074, "accuracy_validation": 85.63333333333333, "loss_train": 0.35132462378546975, "cost_validation": 0.4197122334518845, "epochs": 14, "_timestamp": 1678423146.167941, "_runtime": 50.37690305709839, "_step": 14, "_wandb": {"runtime": 49}}