{"accuracy_train": 82.90185185185184, "accuracy_validation": 82.55, "loss_train": 0.46123897697856164, "cost_validation": 0.4852271673609734, "epochs": 9, "_timestamp": 1678406898.7515695, "_runtime": 57.94733452796936, "_step": 9, "_wandb": {"runtime": 57}}