{"accuracy_train": 9.670370370370371, "accuracy_validation": 9.516666666666666, "loss_train": 16.598496042669044, "cost_validation": 16.6844643840214, "epochs": 9, "_timestamp": 1678014282.5511482, "_runtime": 42.112778186798096, "_step": 9, "_wandb": {"runtime": 41}}