{"accuracy_train": 9.985185185185186, "accuracy_validation": 10.133333333333333, "loss_train": 2.3139899684254295, "cost_validation": 2.3129016900119774, "epochs": 39, "_timestamp": 1678267837.3819275, "_runtime": 101.55535340309143, "_step": 39, "_wandb": {"runtime": 101}}