{"accuracy_train": 88.09814814814814, "accuracy_validation": 86.46666666666667, "loss_train": 0.32461642231641064, "cost_validation": 0.3792285874031406, "epochs": 9, "_timestamp": 1678356285.9165769, "_runtime": 37.125006914138794, "_step": 9, "_wandb": {"runtime": 36}}