{"accuracy_train": 78.47962962962963, "accuracy_validation": 77.25, "loss_train": 0.6093963580791998, "cost_validation": 0.6249369326834875, "epochs": 19, "_timestamp": 1678278534.6274867, "_runtime": 117.6564667224884, "_step": 19, "_wandb": {"runtime": 117}}