{"accuracy_train": 87.41111111111111, "accuracy_validation": 85.23333333333333, "loss_train": 0.3434471395611762, "cost_validation": 0.40999407966998347, "epochs": 9, "_timestamp": 1678398463.243997, "_runtime": 83.16607213020325, "_step": 9, "_wandb": {"runtime": 82}}