{"accuracy_train": 86.85740740740741, "accuracy_validation": 85.06666666666666, "loss_train": 0.37353504303323876, "cost_validation": 0.4209642373894153, "epochs": 9, "_timestamp": 1678371999.0460572, "_runtime": 988.8297691345215, "_step": 9, "_wandb": {"runtime": 988}}