{"accuracy_train": 24.544444444444444, "accuracy_validation": 24.033333333333335, "loss_train": 2.0906097014265534, "cost_validation": 2.087243841285932, "epochs": 9, "_timestamp": 1677979232.5206108, "_runtime": 93.44232177734375, "_step": 9, "_wandb": {"runtime": 92}}