{"accuracy_train": 47.95740740740741, "accuracy_validation": 46.916666666666664, "loss_train": 1.2021487906105974, "cost_validation": 1.2195188669412023, "epochs": 9, "_timestamp": 1677823967.0377507, "_runtime": 114.28123760223389, "_step": 9, "_wandb": {"runtime": 113}}