{"accuracy_train": 74.92037037037036, "accuracy_validation": 74.0, "loss_train": 0.7441282311945492, "cost_validation": 0.7540627728057246, "epochs": 9, "_timestamp": 1677863765.7982643, "_runtime": 71.07325029373169, "_step": 9, "_wandb": {"runtime": 70}}