{"accuracy_train": 86.76481481481481, "accuracy_validation": 85.13333333333334, "loss_train": 0.355162919261099, "cost_validation": 0.5154911117707731, "epochs": 19, "_timestamp": 1678815610.768971, "_runtime": 51.97249794006348, "_step": 19, "_wandb": {"runtime": 51}}