{"accuracy_train": 88.04074074074074, "accuracy_validation": 84.33333333333334, "loss_train": 0.38696342434324, "cost_validation": 0.5722473475630458, "epochs": 19, "_timestamp": 1678351459.4433088, "_runtime": 53.21888279914856, "_step": 19, "_wandb": {"runtime": 52}}