{"accuracy_train": 55.677777777777784, "accuracy_validation": 54.78333333333333, "loss_train": 1.2224150211562828, "cost_validation": 1.2279668065195166, "epochs": 9, "_timestamp": 1678280327.5614505, "_runtime": 29.358657598495483, "_step": 9, "_wandb": {"runtime": 28}}