{"accuracy_train": 56.91111111111111, "accuracy_validation": 54.96666666666666, "loss_train": 1.0685070444658729, "cost_validation": 1.0904719650991899, "epochs": 9, "_timestamp": 1677820185.7929397, "_runtime": 64.1780297756195, "_step": 9, "_wandb": {"runtime": 63}}