{"accuracy_train": 77.93703703703704, "accuracy_validation": 76.73333333333333, "loss_train": 0.6398080515157254, "cost_validation": 0.6665367530478933, "epochs": 19, "_timestamp": 1677980414.9546554, "_runtime": 50.076441526412964, "_step": 19, "_wandb": {"runtime": 49}}