{"accuracy_train": 31.257407407407406, "accuracy_validation": 31.016666666666666, "loss_train": 2.027269756317389, "cost_validation": 2.0142109315605627, "epochs": 9, "_timestamp": 1677788851.5305822, "_runtime": 41.150543212890625, "_step": 9, "_wandb": {"runtime": 40}}