{"accuracy_train": 82.32777777777778, "accuracy_validation": 81.65, "loss_train": 0.4856665238630675, "cost_validation": 0.5156876339218973, "epochs": 19, "_timestamp": 1678278403.843014, "_runtime": 297.16353392601013, "_step": 19, "_wandb": {"runtime": 296}}