{"accuracy_train": 84.99814814814815, "accuracy_validation": 84.76666666666667, "loss_train": 0.45494633765765574, "cost_validation": 0.46655732977763975, "epochs": 19, "_timestamp": 1678270882.4951963, "_runtime": 337.35691142082214, "_step": 19, "_wandb": {"runtime": 336}}