{"accuracy_train": 99.57407407407408, "accuracy_validation": 95.86666666666666, "loss_train": 0.01384829406519475, "cost_validation": 0.24672253558866228, "epochs": 19, "_timestamp": 1678440332.7799478, "_runtime": 159.4126148223877, "_step": 19, "_wandb": {"runtime": 158}}