{"accuracy_train": 65.36666666666666, "accuracy_validation": 64.25, "loss_train": 3.8096666666666668, "cost_validation": 3.8296666666666663, "epochs": 19, "_timestamp": 1677994953.9705486, "_runtime": 43.80161952972412, "_step": 19, "_wandb": {"runtime": 43}}