{"accuracy_train": 56.73518518518519, "accuracy_validation": 56.166666666666664, "loss_train": 1.1121926008346013, "cost_validation": 1.1314657536093982, "epochs": 19, "_timestamp": 1678024556.8879218, "_runtime": 420.3025028705597, "_step": 19, "_wandb": {"runtime": 419}}