{"accuracy_train": 82.87962962962962, "accuracy_validation": 80.80000000000001, "loss_train": 0.7434211280457858, "cost_validation": 0.9418638885198004, "epochs": 19, "_timestamp": 1677857760.635662, "_runtime": 62.59005618095398, "_step": 19, "_wandb": {"runtime": 61}}