{"accuracy_train": 89.29259259259258, "accuracy_validation": 85.41666666666666, "loss_train": 0.2943561365367518, "cost_validation": 0.4828323897675436, "epochs": 39, "_timestamp": 1678264163.8916607, "_runtime": 589.8824837207794, "_step": 39, "_wandb": {"runtime": 589}}