{"accuracy_train": 28.03888888888889, "accuracy_validation": 27.650000000000002, "loss_train": 2.388839868217707, "cost_validation": 2.361704150170334, "epochs": 19, "_timestamp": 1678267949.4310057, "_runtime": 30.578540802001953, "_step": 19, "_wandb": {"runtime": 30}}