{"accuracy_train": 71.64259259259259, "accuracy_validation": 69.75, "loss_train": 0.7781201475641606, "cost_validation": 0.8211957705204908, "epochs": 1, "_timestamp": 1677747377.748132, "_runtime": 62.020622968673706, "_step": 1}