{"accuracy_train": 38.237037037037034, "accuracy_validation": 37.31666666666666, "loss_train": 1.4895718880573183, "cost_validation": 1.5084588408391624, "epochs": 9, "_timestamp": 1677825405.6848588, "_runtime": 630.9267468452454, "_step": 9, "_wandb": {"runtime": 630}}