{"accuracy_train": 96.78703703703704, "accuracy_validation": 96.23333333333333, "loss_train": 0.10494147975481671, "cost_validation": 0.12034785410469029, "epochs": 9, "_timestamp": 1678616509.9468434, "_runtime": 87.2983193397522, "_step": 9, "_wandb": {"runtime": 86}}