{"accuracy_train": 85.75555555555555, "accuracy_validation": 83.8, "loss_train": 0.4195745734610165, "cost_validation": 0.4900174122813984, "epochs": 19, "_timestamp": 1678025635.2893345, "_runtime": 83.24452948570251, "_step": 19, "_wandb": {"runtime": 82}}