{"accuracy_train": 83.9037037037037, "accuracy_validation": 82.06666666666666, "loss_train": 0.49994515864930766, "cost_validation": 0.6107506373109378, "epochs": 9, "_timestamp": 1678396426.9676232, "_runtime": 95.74239015579224, "_step": 9, "_wandb": {"runtime": 95}}