{"accuracy_train": 73.5037037037037, "accuracy_validation": 72.55, "loss_train": 0.893209186065106, "cost_validation": 0.907095327479087, "epochs": 9, "_timestamp": 1678891391.921162, "_runtime": 29.859615802764893, "_step": 9, "_wandb": {"runtime": 29}}