{"accuracy_train": 54.31481481481482, "accuracy_validation": 52.516666666666666, "loss_train": 1.6979234536143493, "cost_validation": 1.824242068915865, "epochs": 9, "_timestamp": 1677871973.212759, "_runtime": 41.58974099159241, "_step": 9, "_wandb": {"runtime": 41}}