{"accuracy_train": 86.96296296296296, "accuracy_validation": 86.11666666666666, "loss_train": 0.37136329917148503, "cost_validation": 0.3976120570053262, "epochs": 19, "_timestamp": 1678280225.7888167, "_runtime": 45.119823694229126, "_step": 19, "_wandb": {"runtime": 44}}