{"accuracy_train": 10.733333333333334, "accuracy_validation": 10.366666666666667, "loss_train": 14.415421843766293, "cost_validation": 14.155296593896637, "epochs": 39, "_timestamp": 1677982216.276604, "_runtime": 49.50875496864319, "_step": 39, "_wandb": {"runtime": 49}}