{"accuracy_train": 97.99074074074075, "accuracy_validation": 97.13333333333334, "loss_train": 0.0688107004148598, "cost_validation": 0.09546882414184774, "epochs": 9, "_timestamp": 1678628441.6348095, "_runtime": 79.06406855583191, "_step": 9, "_wandb": {"runtime": 77}}