{"accuracy_train": 42.403703703703705, "accuracy_validation": 42.733333333333334, "loss_train": 1.3566354121168933, "cost_validation": 1.3651973775905202, "epochs": 39, "_timestamp": 1678271116.7683237, "_runtime": 203.12516570091248, "_step": 39, "_wandb": {"runtime": 202}}