{"accuracy_train": 87.90555555555557, "accuracy_validation": 86.11666666666666, "loss_train": 0.33979677571896216, "cost_validation": 0.3835850188802048, "epochs": 19, "_timestamp": 1678044196.354453, "_runtime": 753.1948080062866, "_step": 19, "_wandb": {"runtime": 752}}