{"accuracy_train": 83.65370370370371, "accuracy_validation": 81.86666666666666, "loss_train": 0.46966780053109924, "cost_validation": 0.5842586376159851, "epochs": 14, "_timestamp": 1678398844.633473, "_runtime": 125.07713484764099, "_step": 14, "_wandb": {"runtime": 124}}