{"accuracy_train": 55.87777777777778, "accuracy_validation": 55.31666666666667, "loss_train": 1.2643686590816368, "cost_validation": 1.2869020400444866, "epochs": 9, "_timestamp": 1678016745.8272905, "_runtime": 36.90214157104492, "_step": 9, "_wandb": {"runtime": 36}}