{"accuracy_train": 88.76481481481481, "accuracy_validation": 86.41666666666666, "loss_train": 0.3066832170460863, "cost_validation": 0.3734767995214147, "epochs": 19, "_timestamp": 1678352208.847064, "_runtime": 46.41251301765442, "_step": 19, "_wandb": {"runtime": 45}}