{"accuracy_train": 77.2537037037037, "accuracy_validation": 76.05, "loss_train": 0.6709654754935509, "cost_validation": 0.7091673171894184, "epochs": 9, "_timestamp": 1678026711.608114, "_runtime": 85.97822594642639, "_step": 9, "_wandb": {"runtime": 85}}