{"accuracy_train": 78.30555555555556, "accuracy_validation": 77.8, "loss_train": 0.6230704409657086, "cost_validation": 0.6263003412272339, "epochs": 19, "_timestamp": 1678268954.905518, "_runtime": 24.50714898109436, "_step": 19, "_wandb": {"runtime": 24}}