{"accuracy_train": 75.82407407407408, "accuracy_validation": 75.16666666666667, "loss_train": 0.6580401204456003, "cost_validation": 0.6831663034144853, "epochs": 9, "_timestamp": 1678027580.1576068, "_runtime": 121.39045786857605, "_step": 9, "_wandb": {"runtime": 120}}