{"accuracy_train": 77.51296296296296, "accuracy_validation": 76.5, "loss_train": 0.6257539858478672, "cost_validation": 0.6398828458136474, "epochs": 39, "_timestamp": 1678020508.7974732, "_runtime": 67.13987708091736, "_step": 39, "_wandb": {"runtime": 66}}