{"accuracy_train": 51.44814814814814, "accuracy_validation": 50.66666666666667, "loss_train": 1.1624048601873593, "cost_validation": 1.169639054694402, "epochs": 9, "_timestamp": 1677788003.1370692, "_runtime": 152.0645523071289, "_step": 9, "_wandb": {"runtime": 151}}