{"accuracy_train": 32.385185185185186, "accuracy_validation": 31.633333333333336, "loss_train": 2.506480430366803, "cost_validation": 2.5565889061778972, "epochs": 9, "_timestamp": 1678281950.8263385, "_runtime": 22.030673503875732, "_step": 9, "_wandb": {"runtime": 21}}