{"accuracy_train": 86.37222222222222, "accuracy_validation": 84.38333333333333, "loss_train": 0.40837019336366254, "cost_validation": 0.48631712129527577, "epochs": 19, "_timestamp": 1678357512.0940912, "_runtime": 62.432573080062866, "_step": 19, "_wandb": {"runtime": 61}}