{"accuracy_train": 34.93518518518518, "accuracy_validation": 34.78333333333333, "loss_train": 1.848861178461106, "cost_validation": 1.8578627604482547, "epochs": 9, "_timestamp": 1677831355.093352, "_runtime": 46.25668501853943, "_step": 9, "_wandb": {"runtime": 45}}