{"accuracy_train": 97.83703703703704, "accuracy_validation": 95.68333333333334, "loss_train": 0.07770686866909868, "cost_validation": 0.1654091257273403, "epochs": 9, "_timestamp": 1678434620.0109248, "_runtime": 89.5367739200592, "_step": 9, "_wandb": {"runtime": 88}}