{"accuracy_train": 10.005555555555555, "accuracy_validation": 9.950000000000001, "loss_train": NaN, "cost_validation": NaN, "epochs": 4, "_timestamp": 1677762614.5949812, "_runtime": 303.4630832672119, "_step": 4, "_wandb": {"runtime": 302}}