{"accuracy_train": 89.07037037037037, "accuracy_validation": 86.53333333333333, "loss_train": 0.29949498586330064, "cost_validation": 0.37312153858307184, "epochs": 19, "_timestamp": 1678021904.0410743, "_runtime": 115.997474193573, "_step": 19, "_wandb": {"runtime": 115}}