{"accuracy_train": 84.0425925925926, "accuracy_validation": 81.95, "loss_train": 0.6339143782556294, "cost_validation": 0.8172085512034625, "epochs": 9, "_timestamp": 1678354605.9551597, "_runtime": 102.66291666030884, "_step": 9, "_wandb": {"runtime": 101}}