{"accuracy_train": 82.92037037037036, "accuracy_validation": 82.06666666666666, "loss_train": 0.5390702187675087, "cost_validation": 0.5799247242825513, "epochs": 9, "_timestamp": 1678380395.7648473, "_runtime": 142.92329621315002, "_step": 9, "_wandb": {"runtime": 142}}