{"accuracy_train": 38.7037037037037, "accuracy_validation": 37.38333333333333, "loss_train": 12526677000.000517, "cost_validation": 153489000.00465953, "epochs": 19, "_timestamp": 1678259335.8901894, "_runtime": 103.58744144439697, "_step": 19, "_wandb": {"runtime": 103}}