{"accuracy_train": 85.87407407407407, "accuracy_validation": 84.31666666666666, "loss_train": 0.39323099827859, "cost_validation": 0.5070754610383562, "epochs": 9, "_timestamp": 1678388402.8597286, "_runtime": 72.36281251907349, "_step": 9, "_wandb": {"runtime": 71}}