{"accuracy_train": 52.461111111111116, "accuracy_validation": 51.31666666666666, "loss_train": 1.3479789200287269, "cost_validation": 1.375675529622893, "epochs": 19, "_timestamp": 1677999749.4474905, "_runtime": 33.8904504776001, "_step": 19, "_wandb": {"runtime": 33}}