{"accuracy_train": 81.33703703703704, "accuracy_validation": 80.28333333333333, "loss_train": 0.5294594535440009, "cost_validation": 0.5540622777295364, "epochs": 19, "_timestamp": 1678024801.386009, "_runtime": 91.03433990478516, "_step": 19, "_wandb": {"runtime": 90}}