{"accuracy_train": 48.18888888888889, "accuracy_validation": 47.55, "loss_train": 1.2429205003525527, "cost_validation": 1.2345688235280192, "epochs": 9, "_timestamp": 1677818988.227159, "_runtime": 68.99285507202148, "_step": 9, "_wandb": {"runtime": 68}}