{"accuracy_train": 87.92037037037036, "accuracy_validation": 85.91666666666666, "loss_train": 0.33017880676736333, "cost_validation": 0.4181402974786919, "epochs": 19, "_timestamp": 1678425012.1574318, "_runtime": 54.19566488265991, "_step": 19, "_wandb": {"runtime": 53}}