{"accuracy_train": 71.0037037037037, "accuracy_validation": 70.76666666666667, "loss_train": 0.7355726272236408, "cost_validation": 0.7471368284459043, "epochs": 9, "_timestamp": 1677981665.7367644, "_runtime": 46.21500635147095, "_step": 9, "_wandb": {"runtime": 45}}