{"accuracy_train": 10.031481481481482, "accuracy_validation": 9.716666666666667, "loss_train": NaN, "cost_validation": NaN, "epochs": 19, "_timestamp": 1678256569.2403495, "_runtime": 132.97708344459534, "_step": 19, "_wandb": {"runtime": 132}}