{"accuracy_train": 69.25555555555556, "accuracy_validation": 68.43333333333334, "loss_train": 0.8428586493497732, "cost_validation": 0.8688665840335161, "epochs": 39, "_timestamp": 1677875269.3227663, "_runtime": 1744.7386312484741, "_step": 39, "_wandb": {"runtime": 1744}}