{"accuracy_train": 89.82962962962962, "accuracy_validation": 86.45, "loss_train": 0.2719339661311846, "cost_validation": 0.41111961295572086, "epochs": 19, "_timestamp": 1678256420.71816, "_runtime": 155.27072191238403, "_step": 19, "_wandb": {"runtime": 154}}