{"accuracy_train": 38.01481481481481, "accuracy_validation": 37.25, "loss_train": 1.361761642871654, "cost_validation": 1.3677889682942723, "epochs": 9, "_timestamp": 1677822719.4259138, "_runtime": 464.5992867946625, "_step": 9, "_wandb": {"runtime": 463}}