{"accuracy_train": 89.93703703703704, "accuracy_validation": 86.35000000000001, "loss_train": NaN, "cost_validation": NaN, "epochs": 39, "_timestamp": 1678109885.2738793, "_runtime": 965.7276322841644, "_step": 39, "_wandb": {"runtime": 965}}