{"accuracy_train": 62.81481481481481, "accuracy_validation": 61.133333333333326, "loss_train": 0.9159802280672033, "cost_validation": 0.9554259787749559, "epochs": 19, "_timestamp": 1677843836.9345334, "_runtime": 49.473546266555786, "_step": 19, "_wandb": {"runtime": 48}}