{"accuracy_train": 84.37592592592593, "accuracy_validation": 83.61666666666666, "loss_train": 0.4653230051297509, "cost_validation": 0.47579289823182963, "epochs": 39, "_timestamp": 1678279394.1088305, "_runtime": 71.91900634765625, "_step": 39, "_wandb": {"runtime": 71}}