{"accuracy_train": 83.35925925925926, "accuracy_validation": 81.89999999999999, "loss_train": 0.45653908235177426, "cost_validation": 0.5062063386926596, "epochs": 19, "_timestamp": 1677860261.7390232, "_runtime": 70.48163414001465, "_step": 19, "_wandb": {"runtime": 69}}