{"accuracy_train": 35.21111111111111, "accuracy_validation": 35.96666666666667, "loss_train": 2.143069032671024, "cost_validation": 2.1266770617729707, "epochs": 9, "_timestamp": 1677859971.9562995, "_runtime": 42.6320116519928, "_step": 9, "_wandb": {"runtime": 42}}