{"accuracy_train": 89.85185185185185, "accuracy_validation": 86.81666666666666, "loss_train": 0.28746334453210143, "cost_validation": 0.4923945683742191, "epochs": 19, "_timestamp": 1678882096.1481502, "_runtime": 223.29395627975464, "_step": 19, "_wandb": {"runtime": 396}}