{"accuracy_train": 58.61851851851851, "accuracy_validation": 58.483333333333334, "loss_train": 1.641369861783663, "cost_validation": 1.664040999640093, "epochs": 9, "_timestamp": 1678269330.7669883, "_runtime": 32.45055437088013, "_step": 9, "_wandb": {"runtime": 32}}