{"accuracy_train": 98.25925925925925, "accuracy_validation": 97.08333333333333, "loss_train": 0.06354430649492279, "cost_validation": 0.09794976449381984, "epochs": 9, "_timestamp": 1678629019.801279, "_runtime": 51.557785987854004, "_step": 9, "_wandb": {"runtime": 50}}