{"accuracy_train": 69.51296296296296, "accuracy_validation": 69.0, "loss_train": 0.8599977230962487, "cost_validation": 0.8797488113587706, "epochs": 9, "_timestamp": 1678354052.5643632, "_runtime": 24.587688207626343, "_step": 9, "_wandb": {"runtime": 23}}