{"accuracy_train": 47.6037037037037, "accuracy_validation": 46.833333333333336, "loss_train": 1.2022769855711932, "cost_validation": 1.2136924688944668, "epochs": 39, "_timestamp": 1677973961.5481348, "_runtime": 51.44722390174866, "_step": 39, "_wandb": {"runtime": 50}}