{"accuracy_train": 78.72222222222223, "accuracy_validation": 77.01666666666667, "loss_train": 0.6107683030151168, "cost_validation": 0.6668196834399619, "epochs": 9, "_timestamp": 1678353230.5446646, "_runtime": 25.74762463569641, "_step": 9, "_wandb": {"runtime": 25}}