{"accuracy_train": 80.39444444444445, "accuracy_validation": 79.14999999999999, "loss_train": 2.5240771729684592, "cost_validation": 2.7030278900494666, "epochs": 8, "_timestamp": 1677967590.6481411, "_runtime": 462.2950692176819, "_step": 8, "_wandb": {"runtime": 513}}