{"accuracy_train": 87.24074074074075, "accuracy_validation": 85.25, "loss_train": 0.3541181531815061, "cost_validation": 0.4057282939180627, "epochs": 19, "_timestamp": 1678045638.5531988, "_runtime": 331.1298017501831, "_step": 19, "_wandb": {"runtime": 330}}