{"accuracy_train": 19.0962962962963, "accuracy_validation": 19.1, "loss_train": 1.920185375185536, "cost_validation": 1.924072852748793, "epochs": 39, "_timestamp": 1677873311.0515306, "_runtime": 132.71390867233276, "_step": 39, "_wandb": {"runtime": 132}}