{"accuracy_train": 82.81296296296297, "accuracy_validation": 81.28333333333333, "loss_train": 2.184891668799931, "cost_validation": 2.3985250191993788, "epochs": 19, "_timestamp": 1677978589.3248122, "_runtime": 88.75240015983582, "_step": 19, "_wandb": {"runtime": 88}}