{"accuracy_train": 52.94814814814814, "accuracy_validation": 52.983333333333334, "loss_train": 1.6729749090441328, "cost_validation": 1.6746871476820266, "epochs": 9, "_timestamp": 1678269512.1363292, "_runtime": 69.98366808891296, "_step": 9, "_wandb": {"runtime": 69}}