{"accuracy_train": 57.87222222222223, "accuracy_validation": 56.91666666666667, "loss_train": 1.1706240477529783, "cost_validation": 1.1879088496508272, "epochs": 19, "_timestamp": 1678016694.1467142, "_runtime": 246.47602319717407, "_step": 19, "_wandb": {"runtime": 246}}