{"accuracy_train": 46.220370370370375, "accuracy_validation": 45.166666666666664, "loss_train": 1.2449836507625882, "cost_validation": 1.265188737222219, "epochs": 19, "_timestamp": 1677902591.8853128, "_runtime": 27288.047216892242, "_step": 19, "_wandb": {"runtime": 27287}}