{"accuracy_train": 29.41111111111111, "accuracy_validation": 27.933333333333334, "loss_train": 1.7599495917155452, "cost_validation": 1.7734553381954445, "epochs": 39, "_timestamp": 1678017101.2099679, "_runtime": 94.87070894241333, "_step": 39, "_wandb": {"runtime": 94}}