{"accuracy_train": 10.005555555555555, "accuracy_validation": 9.950000000000001, "loss_train": NaN, "cost_validation": NaN, "epochs": 9, "_timestamp": 1678263151.5939245, "_runtime": 86.5620186328888, "_step": 9, "_wandb": {"runtime": 86}}