{"accuracy_train": 86.29814814814814, "accuracy_validation": 84.08333333333333, "loss_train": 0.3782352911262805, "cost_validation": 0.5541271071264047, "epochs": 19, "_timestamp": 1678389510.7764502, "_runtime": 142.70691108703613, "_step": 19, "_wandb": {"runtime": 142}}