{"accuracy_train": 87.37037037037037, "accuracy_validation": 84.2, "loss_train": 0.42716531967736504, "cost_validation": 0.7018574521781035, "epochs": 19, "_timestamp": 1678340739.2175684, "_runtime": 131.08864545822144, "_step": 19, "_wandb": {"runtime": 130}}