{"accuracy_train": 22.08888888888889, "accuracy_validation": 21.48333333333333, "loss_train": 2.205083564320915, "cost_validation": 2.2791582136740565, "epochs": 19, "_timestamp": 1677841860.3387766, "_runtime": 41.95603847503662, "_step": 19, "_wandb": {"runtime": 41}}