{"accuracy_train": 52.57037037037037, "accuracy_validation": 52.96666666666666, "loss_train": 1.4258016987162874, "cost_validation": 1.4536849694751997, "epochs": 39, "_timestamp": 1678020290.1914973, "_runtime": 883.9960713386536, "_step": 39, "_wandb": {"runtime": 883}}