{"accuracy_train": 9.964814814814815, "accuracy_validation": 10.316666666666666, "loss_train": 2.3049692556325514, "cost_validation": 2.3146008565515883, "epochs": 19, "_timestamp": 1677771666.0401602, "_runtime": 85.45387625694275, "_step": 19, "_wandb": {"runtime": 84}}