{"accuracy_train": 47.385185185185186, "accuracy_validation": 45.68333333333333, "loss_train": 1.3250245962215488, "cost_validation": 1.3728754972457533, "epochs": 9, "_timestamp": 1678046593.4191883, "_runtime": 396.15343022346497, "_step": 9, "_wandb": {"runtime": 395}}