{"accuracy_train": 89.92407407407408, "accuracy_validation": 85.81666666666666, "loss_train": 0.3602895992348911, "cost_validation": 0.8196298493722632, "epochs": 9, "_timestamp": 1678121960.7029026, "_runtime": 7032.783991575241, "_step": 9, "_wandb": {"runtime": 7622}}