{"accuracy_train": 86.01666666666667, "accuracy_validation": 84.58333333333333, "loss_train": 1.822440415202284, "cost_validation": 2.0534637368205546, "epochs": 19, "_timestamp": 1677991331.541685, "_runtime": 45.646804094314575, "_step": 19, "_wandb": {"runtime": 45}}