{"accuracy_train": 70.48333333333333, "accuracy_validation": 69.21666666666667, "loss_train": 0.8056403820363836, "cost_validation": 0.8232179379608713, "epochs": 19, "_timestamp": 1678014225.9420679, "_runtime": 49.06725883483887, "_step": 19, "_wandb": {"runtime": 48}}