{"accuracy_train": 21.55925925925926, "accuracy_validation": 22.3, "loss_train": 2.9536184102259355, "cost_validation": 2.90873257139153, "epochs": 19, "_timestamp": 1677854967.8756306, "_runtime": 43.536558628082275, "_step": 19, "_wandb": {"runtime": 43}}