{"accuracy_train": 56.153703703703705, "accuracy_validation": 56.41666666666667, "loss_train": 0.8681766301822742, "cost_validation": 0.8633975324769223, "epochs": 9, "_timestamp": 1678393533.741704, "_runtime": 95.5237169265747, "_step": 9, "_wandb": {"runtime": 95}}