{"accuracy_train": 39.916666666666664, "accuracy_validation": 38.800000000000004, "loss_train": 1.1958656713145228, "cost_validation": 1.217769692824294, "epochs": 19, "_timestamp": 1678394858.8191347, "_runtime": 137.826016664505, "_step": 19, "_wandb": {"runtime": 137}}