{"accuracy_train": 71.46111111111111, "accuracy_validation": 70.75, "loss_train": 0.838053693576584, "cost_validation": 0.8564030636881221, "epochs": 9, "_timestamp": 1678276490.3227596, "_runtime": 23.509801626205444, "_step": 9, "_wandb": {"runtime": 22}}