{"accuracy_train": 72.66851851851852, "accuracy_validation": 71.93333333333334, "loss_train": 0.8823701879425316, "cost_validation": 0.897112936357862, "epochs": 39, "_timestamp": 1677837494.8393567, "_runtime": 109.817453622818, "_step": 39, "_wandb": {"runtime": 109}}