{"accuracy_train": 86.99814814814815, "accuracy_validation": 85.55, "loss_train": 0.36791233425579395, "cost_validation": 0.40249572975264364, "epochs": 19, "_timestamp": 1677997071.343864, "_runtime": 51.007303953170776, "_step": 19, "_wandb": {"runtime": 50}}