{"accuracy_train": 87.80925925925926, "accuracy_validation": 85.66666666666667, "loss_train": 0.34754546582879764, "cost_validation": 0.48098111473997746, "epochs": 19, "_timestamp": 1678403022.8252573, "_runtime": 91.91049027442932, "_step": 19, "_wandb": {"runtime": 91}}