{"accuracy_train": 86.16481481481482, "accuracy_validation": 84.61666666666666, "loss_train": 0.4049235357149369, "cost_validation": 0.500221836369245, "epochs": 9, "_timestamp": 1678353191.21264, "_runtime": 88.8687641620636, "_step": 9, "_wandb": {"runtime": 87}}