{"accuracy_train": 82.43888888888888, "accuracy_validation": 80.7, "loss_train": 0.4972905270399864, "cost_validation": 0.550367997919924, "epochs": 19, "_timestamp": 1677991251.4222608, "_runtime": 7390.96848487854, "_step": 19, "_wandb": {"runtime": 7390}}