{"accuracy_train": 81.86851851851851, "accuracy_validation": 80.35, "loss_train": 0.5746690451363626, "cost_validation": 0.6110798185126995, "epochs": 9, "_timestamp": 1678106027.2592301, "_runtime": 137.34828209877014, "_step": 9, "_wandb": {"runtime": 136}}