{"accuracy_train": 85.71296296296296, "accuracy_validation": 83.8, "loss_train": 0.4117080061601824, "cost_validation": 0.4629017191275612, "epochs": 19, "_timestamp": 1678107975.2324271, "_runtime": 227.31288623809814, "_step": 19, "_wandb": {"runtime": 226}}