{"accuracy_train": 39.24814814814815, "accuracy_validation": 38.53333333333334, "loss_train": 1.6027942002648927, "cost_validation": 1.5957086540530574, "epochs": 9, "_timestamp": 1677821023.117869, "_runtime": 386.2016999721527, "_step": 9, "_wandb": {"runtime": 385}}