{"accuracy_train": 84.38518518518518, "accuracy_validation": 83.01666666666667, "loss_train": 0.47688641362277706, "cost_validation": 0.5291145238947637, "epochs": 19, "_timestamp": 1678107077.750079, "_runtime": 300.46077489852905, "_step": 19, "_wandb": {"runtime": 300}}