{"accuracy_train": 88.3037037037037, "accuracy_validation": 86.15, "loss_train": 0.3289432992668935, "cost_validation": 0.39044257383957126, "epochs": 19, "_timestamp": 1678346743.8787723, "_runtime": 283.0292453765869, "_step": 19, "_wandb": {"runtime": 282}}