{"accuracy_train": 9.985185185185186, "accuracy_validation": 10.133333333333333, "loss_train": 2.302755039638487, "cost_validation": 2.3023989203721067, "epochs": 39, "_timestamp": 1677754498.8920286, "_runtime": 754.5061826705933, "_step": 39, "_wandb": {"runtime": 753}}