{"accuracy_train": 52.675925925925924, "accuracy_validation": 52.583333333333336, "loss_train": 1.5681661093501766, "cost_validation": 1.5507606960839027, "epochs": 19, "_timestamp": 1677996304.88176, "_runtime": 35.95763897895813, "_step": 19, "_wandb": {"runtime": 35}}