{"accuracy_train": 53.08148148148148, "accuracy_validation": 52.76666666666666, "loss_train": 6.287939765900743, "cost_validation": 6.067624559773363, "epochs": 39, "_timestamp": 1677977670.597004, "_runtime": 223.03571391105652, "_step": 39, "_wandb": {"runtime": 222}}