{"accuracy_train": 87.63703703703703, "accuracy_validation": 85.86666666666667, "loss_train": 0.3432714813127022, "cost_validation": 0.39579643840992146, "epochs": 9, "_timestamp": 1678025945.5634918, "_runtime": 73.66898393630981, "_step": 9, "_wandb": {"runtime": 73}}