{"accuracy_train": 10.005555555555555, "accuracy_validation": 9.950000000000001, "loss_train": NaN, "cost_validation": NaN, "epochs": 39, "_timestamp": 1677763117.2566779, "_runtime": 99.50077080726624, "_step": 39, "_wandb": {"runtime": 98}}