{"accuracy_train": 92.67962962962963, "accuracy_validation": 92.10000000000001, "loss_train": 0.25215936138913847, "cost_validation": 0.27511738156606313, "epochs": 9, "_timestamp": 1678643347.9123056, "_runtime": 19.728798627853394, "_step": 9, "_wandb": {"runtime": 19}}