{"accuracy_train": 73.82592592592593, "accuracy_validation": 72.51666666666667, "loss_train": 0.7514265747235271, "cost_validation": 0.8230591976696636, "epochs": 9, "_timestamp": 1677858337.455824, "_runtime": 484.26277780532837, "_step": 9, "_wandb": {"runtime": 483}}