{"accuracy_train": 84.51481481481481, "accuracy_validation": 82.89999999999999, "loss_train": 0.45823133782097364, "cost_validation": 0.5814690841883591, "epochs": 9, "_timestamp": 1678396824.4474986, "_runtime": 121.539710521698, "_step": 9, "_wandb": {"runtime": 120}}