{"accuracy_train": 85.82962962962964, "accuracy_validation": 82.61666666666667, "loss_train": 0.4038688113707679, "cost_validation": 0.5424366757866742, "epochs": 19, "_timestamp": 1678029333.7751245, "_runtime": 167.77339243888855, "_step": 19, "_wandb": {"runtime": 167}}