{"accuracy_train": 85.39074074074074, "accuracy_validation": 83.65, "loss_train": NaN, "cost_validation": NaN, "epochs": 19, "_timestamp": 1678798455.4091659, "_runtime": 285.46552991867065, "_step": 19, "_wandb": {"runtime": 284}}