{"accuracy_train": 9.985185185185186, "accuracy_validation": 10.133333333333333, "loss_train": 2.324630257891453, "cost_validation": 2.3270561284591755, "epochs": 9, "_timestamp": 1677775555.863902, "_runtime": 1097.1174302101135, "_step": 9, "_wandb": {"runtime": 1096}}