{"accuracy_train": 82.05185185185185, "accuracy_validation": 81.36666666666666, "loss_train": 0.488163188197662, "cost_validation": 0.509198604287774, "epochs": 14, "_timestamp": 1678423496.0004418, "_runtime": 118.00590181350708, "_step": 14, "_wandb": {"runtime": 117}}