{"accuracy_train": 80.84629629629629, "accuracy_validation": 79.56666666666666, "loss_train": 0.8408502141916561, "cost_validation": 0.9566097619785893, "epochs": 2, "_timestamp": 1678098330.4234416, "_runtime": 127.71360969543457, "_step": 2}