{"accuracy_train": 64.78148148148148, "accuracy_validation": 64.01666666666667, "loss_train": 1.0276216986118656, "cost_validation": 1.0598930615236923, "epochs": 19, "_timestamp": 1678262887.8185658, "_runtime": 441.41317772865295, "_step": 19, "_wandb": {"runtime": 441}}