{"accuracy_train": 88.36481481481482, "accuracy_validation": 85.88333333333334, "loss_train": 0.3164086222700953, "cost_validation": 0.38616856363768765, "epochs": 19, "_timestamp": 1678426475.7763946, "_runtime": 58.67545771598816, "_step": 19, "_wandb": {"runtime": 58}}