{"accuracy_train": 66.21481481481482, "accuracy_validation": 65.28333333333333, "loss_train": 1.0079910511440966, "cost_validation": 1.0628530411813035, "epochs": 19, "_timestamp": 1677847634.0885317, "_runtime": 46.986772775650024, "_step": 19, "_wandb": {"runtime": 46}}