{"accuracy_train": 93.70185185185184, "accuracy_validation": 93.66666666666667, "loss_train": 0.21035798064327912, "cost_validation": 0.21911280374180148, "epochs": 9, "_timestamp": 1678551032.7616284, "_runtime": 195.90578436851501, "_step": 9, "_wandb": {"runtime": 195}}