{"accuracy_train": 70.80555555555556, "accuracy_validation": 69.3, "loss_train": 0.8398888883482053, "cost_validation": 0.8658320306994163, "epochs": 39, "_timestamp": 1677980640.181304, "_runtime": 82.379065990448, "_step": 39, "_wandb": {"runtime": 81}}