{"accuracy_train": 13.435185185185187, "accuracy_validation": 13.750000000000002, "loss_train": 10.996834611551318, "cost_validation": 10.922678170628526, "epochs": 9, "_timestamp": 1677997004.4607928, "_runtime": 26.76735782623291, "_step": 9, "_wandb": {"runtime": 26}}