{"accuracy_train": 83.81111111111112, "accuracy_validation": 82.0, "loss_train": 0.4611613918132856, "cost_validation": 0.5195839447563105, "epochs": 19, "_timestamp": 1678342553.8370762, "_runtime": 37.09992027282715, "_step": 19, "_wandb": {"runtime": 36}}