{"accuracy_train": 87.24074074074075, "accuracy_validation": 85.25, "loss_train": 0.3541181531815061, "cost_validation": 0.4057282939180627, "epochs": 19, "_timestamp": 1678040861.2886844, "_runtime": 363.380761384964, "_step": 19, "_wandb": {"runtime": 362}}