{"accuracy_train": 73.87037037037038, "accuracy_validation": 72.78333333333333, "loss_train": 2.8585538279452107, "cost_validation": 3.1633589903747845, "epochs": 19, "_timestamp": 1677873165.3012283, "_runtime": 39.76337027549744, "_step": 19, "_wandb": {"runtime": 39}}