{"accuracy_train": 51.800000000000004, "accuracy_validation": 51.68333333333334, "loss_train": 2.0087371817793738, "cost_validation": 2.026382117255611, "epochs": 9, "_timestamp": 1678266297.0382752, "_runtime": 24.415486335754395, "_step": 9, "_wandb": {"runtime": 23}}