{"accuracy_train": 74.55925925925926, "accuracy_validation": 73.65, "loss_train": 0.6987371902558936, "cost_validation": 0.7249802216356707, "epochs": 19, "_timestamp": 1678025722.9523933, "_runtime": 73.66688418388367, "_step": 19, "_wandb": {"runtime": 73}}