{"accuracy_train": 38.91481481481481, "accuracy_validation": 38.800000000000004, "loss_train": 1.8155133199692801, "cost_validation": 1.8384821547166759, "epochs": 39, "_timestamp": 1677851898.4126704, "_runtime": 93.08581948280334, "_step": 39, "_wandb": {"runtime": 92}}