{"accuracy_train": 87.09629629629629, "accuracy_validation": 86.15, "loss_train": 0.3706951150442893, "cost_validation": 0.39030305470022597, "epochs": 9, "_timestamp": 1678274081.5490232, "_runtime": 25.077855110168457, "_step": 9, "_wandb": {"runtime": 24}}