{"accuracy_train": 70.97592592592594, "accuracy_validation": 70.13333333333334, "loss_train": 0.8417382171232024, "cost_validation": 0.8738371303052, "epochs": 19, "_timestamp": 1677866418.5250683, "_runtime": 56.239439249038696, "_step": 19, "_wandb": {"runtime": 55}}