{"accuracy_train": 47.86851851851851, "accuracy_validation": 47.516666666666666, "loss_train": 1.2514594623005333, "cost_validation": 1.257940470754621, "epochs": 9, "_timestamp": 1677824737.2584631, "_runtime": 595.3302071094513, "_step": 9, "_wandb": {"runtime": 594}}