{"accuracy_train": 31.572222222222223, "accuracy_validation": 30.9, "loss_train": 1.7322205486114093, "cost_validation": 1.7451983728366458, "epochs": 19, "_timestamp": 1678260939.806279, "_runtime": 101.89955997467041, "_step": 19, "_wandb": {"runtime": 101}}