{"accuracy_train": 46.425925925925924, "accuracy_validation": 45.95, "loss_train": 3.9288246708678236, "cost_validation": 4.017583908919036, "epochs": 19, "_timestamp": 1677856172.8492606, "_runtime": 72.08125758171082, "_step": 19, "_wandb": {"runtime": 71}}