{"accuracy_train": 86.43148148148148, "accuracy_validation": 84.56666666666666, "loss_train": 0.41546555285518366, "cost_validation": 0.47802885551811836, "epochs": 9, "_timestamp": 1678348352.7504947, "_runtime": 50.82568073272705, "_step": 9, "_wandb": {"runtime": 50}}