{"accuracy_train": 82.69074074074074, "accuracy_validation": 80.86666666666666, "loss_train": 2.2178184188935504, "cost_validation": 2.7667447937239635, "epochs": 9, "_timestamp": 1677849074.1432924, "_runtime": 58.74119853973389, "_step": 9, "_wandb": {"runtime": 57}}