{"accuracy_train": 9.446296296296296, "accuracy_validation": 9.266666666666666, "loss_train": 4.78262005706744, "cost_validation": 4.737188739070042, "epochs": 4, "_timestamp": 1677763543.1950843, "_runtime": 17.975940227508545, "_step": 4, "_wandb": {"runtime": 17}}