{"accuracy_train": 59.01851851851851, "accuracy_validation": 58.166666666666664, "loss_train": 1.0897453445221692, "cost_validation": 1.104303414287523, "epochs": 19, "_timestamp": 1677873390.7605853, "_runtime": 68.39676427841187, "_step": 19, "_wandb": {"runtime": 67}}