{"accuracy_train": 70.76296296296296, "accuracy_validation": 70.19999999999999, "loss_train": 3.3744259259259257, "cost_validation": 3.3456666666666663, "epochs": 39, "_timestamp": 1677983032.6952844, "_runtime": 42.3936824798584, "_step": 39, "_wandb": {"runtime": 41}}