{"accuracy_train": 83.84444444444445, "accuracy_validation": 82.83333333333334, "loss_train": 0.5293470002554965, "cost_validation": 0.5939043111777275, "epochs": 1, "_timestamp": 1678396309.3561494, "_runtime": 37.15125250816345, "_step": 1, "_wandb": {"runtime": 43}}