{"accuracy_train": 25.298148148148147, "accuracy_validation": 25.366666666666664, "loss_train": 2.883003094124641, "cost_validation": 2.9179389528858617, "epochs": 9, "_timestamp": 1678264436.9772568, "_runtime": 39.58459973335266, "_step": 9, "_wandb": {"runtime": 39}}