{"accuracy_train": 41.42777777777778, "accuracy_validation": 41.4, "loss_train": 1.7088215470972472, "cost_validation": 1.69983147799078, "epochs": 9, "_timestamp": 1677770843.2739406, "_runtime": 50.75222945213318, "_step": 9, "_wandb": {"runtime": 49}}