{"accuracy_train": 28.942592592592593, "accuracy_validation": 28.449999999999996, "loss_train": 2.1746674857933646, "cost_validation": 2.1975939754049714, "epochs": 9, "_timestamp": 1677829377.7342806, "_runtime": 91.20856165885925, "_step": 9, "_wandb": {"runtime": 90}}