{"accuracy_train": 64.10555555555555, "accuracy_validation": 63.016666666666666, "loss_train": 0.9566343127346976, "cost_validation": 0.971720419552489, "epochs": 9, "_timestamp": 1677820025.5987637, "_runtime": 63.16847062110901, "_step": 9, "_wandb": {"runtime": 51}}