{"accuracy_train": 88.46111111111111, "accuracy_validation": 86.1, "loss_train": 0.3117958247403464, "cost_validation": 0.38300480466590514, "epochs": 19, "_timestamp": 1678426405.0766432, "_runtime": 61.96627712249756, "_step": 19, "_wandb": {"runtime": 61}}