{"accuracy_train": 10.005555555555555, "accuracy_validation": 9.950000000000001, "loss_train": NaN, "cost_validation": NaN, "epochs": 4, "_timestamp": 1677774248.154783, "_runtime": 23.40468192100525, "_step": 4, "_wandb": {"runtime": 22}}