{"accuracy_train": 9.964814814814815, "accuracy_validation": 10.316666666666666, "loss_train": 2.3028302172083475, "cost_validation": 2.3024070974980266, "epochs": 4, "_timestamp": 1677756544.0214114, "_runtime": 246.6120674610138, "_step": 4, "_wandb": {"runtime": 245}}