{"accuracy_train": 69.32592592592593, "accuracy_validation": 68.26666666666667, "loss_train": 0.8226495296813302, "cost_validation": 0.8239121674842252, "epochs": 39, "_timestamp": 1678276234.8149366, "_runtime": 39.46477961540222, "_step": 39, "_wandb": {"runtime": 39}}