{"accuracy_train": 78.71296296296296, "accuracy_validation": 77.98333333333333, "loss_train": 0.5692537454737292, "cost_validation": 0.5942029519401587, "epochs": 9, "_timestamp": 1677823328.3357203, "_runtime": 55.491124391555786, "_step": 9, "_wandb": {"runtime": 54}}