{"accuracy_train": 76.17592592592592, "accuracy_validation": 75.5, "loss_train": 0.6603774122591798, "cost_validation": 0.6848977302606458, "epochs": 19, "_timestamp": 1677837683.3082106, "_runtime": 131.55313372612, "_step": 19, "_wandb": {"runtime": 130}}