{"accuracy_train": 36.82037037037037, "accuracy_validation": 36.483333333333334, "loss_train": 7.6101287638245605, "cost_validation": 7.614658874421051, "epochs": 9, "_timestamp": 1677995328.380406, "_runtime": 60.74453783035278, "_step": 9, "_wandb": {"runtime": 60}}