{"accuracy_train": 40.955555555555556, "accuracy_validation": 40.400000000000006, "loss_train": 1.859708892739643, "cost_validation": 1.8537837077065313, "epochs": 9, "_timestamp": 1677871696.5761898, "_runtime": 32.10858368873596, "_step": 9, "_wandb": {"runtime": 31}}