{"accuracy_train": 25.275925925925925, "accuracy_validation": 24.85, "loss_train": 3.01703750834144, "cost_validation": 3.2122671426623217, "epochs": 19, "_timestamp": 1677872642.7625628, "_runtime": 78.32634782791138, "_step": 19, "_wandb": {"runtime": 77}}