{"accuracy_train": 65.17592592592592, "accuracy_validation": 64.05, "loss_train": 4.039574074074074, "cost_validation": 4.104166666666667, "epochs": 39, "_timestamp": 1677978086.3394022, "_runtime": 100.07089328765869, "_step": 39, "_wandb": {"runtime": 99}}