{"accuracy_train": 98.35555555555555, "accuracy_validation": 97.5, "loss_train": 0.05775842949994168, "cost_validation": 0.08662745734662412, "epochs": 19, "_timestamp": 1678628733.7534504, "_runtime": 164.20513343811035, "_step": 19, "_wandb": {"runtime": 163}}