{"accuracy_train": 76.3537037037037, "accuracy_validation": 76.58333333333334, "loss_train": 0.6795555254067531, "cost_validation": 0.6772705269354312, "epochs": 39, "_timestamp": 1677753586.0226986, "_runtime": 297.247900724411, "_step": 39, "_wandb": {"runtime": 296}}