{"accuracy_train": 82.0611111111111, "accuracy_validation": 81.21666666666667, "loss_train": 0.4982540818658866, "cost_validation": 0.5178843556050429, "epochs": 19, "_timestamp": 1678347465.79576, "_runtime": 152.58728003501892, "_step": 19, "_wandb": {"runtime": 151}}