{"accuracy_train": 46.120370370370374, "accuracy_validation": 45.58333333333333, "loss_train": 2.0314904384476136, "cost_validation": 2.1059693549405165, "epochs": 39, "_timestamp": 1677976841.286428, "_runtime": 87.42160701751709, "_step": 39, "_wandb": {"runtime": 87}}