{"accuracy_train": 43.218518518518515, "accuracy_validation": 42.85, "loss_train": 5.016159831989245, "cost_validation": 5.028910853324474, "epochs": 19, "_timestamp": 1677871920.8271952, "_runtime": 27.97757911682129, "_step": 19, "_wandb": {"runtime": 27}}