{"accuracy_train": 87.16481481481482, "accuracy_validation": 85.1, "loss_train": 0.3510134568696938, "cost_validation": 0.421521013148666, "epochs": 19, "_timestamp": 1678023562.3331485, "_runtime": 454.010945558548, "_step": 19, "_wandb": {"runtime": 453}}