{"accuracy_train": 48.05555555555556, "accuracy_validation": 46.983333333333334, "loss_train": 1.1637289148591694, "cost_validation": 1.1670228910025984, "epochs": 9, "_timestamp": 1677818731.5423825, "_runtime": 61.678396463394165, "_step": 9, "_wandb": {"runtime": 61}}