{"accuracy_train": 88.30185185185185, "accuracy_validation": 86.11666666666666, "loss_train": 0.32037897469723786, "cost_validation": 0.397300982689784, "epochs": 14, "_timestamp": 1678401638.1801548, "_runtime": 116.91891980171204, "_step": 14, "_wandb": {"runtime": 116}}