{"accuracy_train": 10.005555555555555, "accuracy_validation": 9.950000000000001, "loss_train": NaN, "cost_validation": NaN, "epochs": 39, "_timestamp": 1678275692.9278593, "_runtime": 565.8145792484283, "_step": 39, "_wandb": {"runtime": 565}}