{"accuracy_train": 42.28333333333333, "accuracy_validation": 41.56666666666667, "loss_train": 1.3381709838967935, "cost_validation": 1.3645628267401324, "epochs": 9, "_timestamp": 1677818896.9278367, "_runtime": 61.35971665382385, "_step": 9, "_wandb": {"runtime": 60}}