{"accuracy_train": 98.68703703703704, "accuracy_validation": 97.38333333333333, "loss_train": 0.04700138593589363, "cost_validation": 0.08485255645383366, "epochs": 19, "_timestamp": 1678629201.925229, "_runtime": 95.07259798049927, "_step": 19, "_wandb": {"runtime": 94}}