{"accuracy_train": 66.95925925925927, "accuracy_validation": 65.85, "loss_train": 6.827630441414917, "cost_validation": 7.087751299227456, "epochs": 19, "_timestamp": 1678273633.322121, "_runtime": 31.88460087776184, "_step": 19, "_wandb": {"runtime": 31}}