{"accuracy_train": 74.38148148148149, "accuracy_validation": 73.68333333333334, "loss_train": 3.0556021813667926, "cost_validation": 3.139252965634467, "epochs": 39, "_timestamp": 1678018298.2078352, "_runtime": 125.33140230178833, "_step": 39, "_wandb": {"runtime": 125}}