{"accuracy_train": 87.32777777777778, "accuracy_validation": 85.35000000000001, "loss_train": 0.36024705778098576, "cost_validation": 0.4116257491181555, "epochs": 19, "_timestamp": 1678104884.660615, "_runtime": 405.2213730812073, "_step": 19, "_wandb": {"runtime": 404}}