{"accuracy_train": 18.76851851851852, "accuracy_validation": 18.46666666666667, "loss_train": 2.7965439871768134, "cost_validation": 2.792962803143397, "epochs": 19, "_timestamp": 1678276456.0384705, "_runtime": 20.485418558120728, "_step": 19, "_wandb": {"runtime": 20}}