{"accuracy_train": 56.72962962962963, "accuracy_validation": 56.10000000000001, "loss_train": 5.054597500946976, "cost_validation": 5.0837108418561145, "epochs": 39, "_timestamp": 1677998016.954478, "_runtime": 102.25150394439697, "_step": 39, "_wandb": {"runtime": 101}}