{"accuracy_train": 62.74999999999999, "accuracy_validation": 61.550000000000004, "loss_train": 0.9764762889636756, "cost_validation": 1.0211238564607488, "epochs": 19, "_timestamp": 1678044468.6861033, "_runtime": 235.6813564300537, "_step": 19, "_wandb": {"runtime": 235}}