{"accuracy_train": 80.85925925925926, "accuracy_validation": 80.26666666666667, "loss_train": 0.544721379817196, "cost_validation": 0.5653598252332414, "epochs": 19, "_timestamp": 1678027901.8904188, "_runtime": 53.44932985305786, "_step": 19, "_wandb": {"runtime": 52}}