{"accuracy_train": 41.90555555555556, "accuracy_validation": 42.199999999999996, "loss_train": 1.9636507970502746, "cost_validation": 1.9718362756380243, "epochs": 19, "_timestamp": 1677872545.8922484, "_runtime": 39.295289278030396, "_step": 19, "_wandb": {"runtime": 38}}