{"accuracy_train": 74.76481481481481, "accuracy_validation": 73.75, "loss_train": 0.6791124642015599, "cost_validation": 0.7095314722225504, "epochs": 39, "_timestamp": 1677973078.3129246, "_runtime": 653.0701546669006, "_step": 39, "_wandb": {"runtime": 652}}