{"accuracy_train": 87.01481481481481, "accuracy_validation": 84.23333333333333, "loss_train": 0.35706100571831106, "cost_validation": 0.4369473075226365, "epochs": 19, "_timestamp": 1678046155.9263723, "_runtime": 475.4978413581848, "_step": 19, "_wandb": {"runtime": 475}}