{"accuracy_train": 20.055555555555554, "accuracy_validation": 19.28333333333333, "loss_train": 2.4403422919683218, "cost_validation": 2.4396500272540798, "epochs": 19, "_timestamp": 1677753251.915194, "_runtime": 3620.2879531383514, "_step": 19, "_wandb": {"runtime": 3619}}