{"accuracy_train": 10.005555555555555, "accuracy_validation": 9.950000000000001, "loss_train": NaN, "cost_validation": NaN, "epochs": 19, "_timestamp": 1677764613.7095876, "_runtime": 70.52433347702026, "_step": 19, "_wandb": {"runtime": 69}}