{"accuracy_train": 81.02037037037036, "accuracy_validation": 80.08333333333333, "loss_train": 0.5073073611175145, "cost_validation": 0.5304896629057153, "epochs": 14, "_timestamp": 1678424083.0609062, "_runtime": 226.58010911941528, "_step": 14, "_wandb": {"runtime": 226}}