{"accuracy_train": 7.92962962962963, "accuracy_validation": 7.75, "loss_train": 9.38693380585985, "cost_validation": 9.440053961610174, "epochs": 39, "_timestamp": 1678281464.9575853, "_runtime": 37.53387236595154, "_step": 39, "_wandb": {"runtime": 37}}