{"accuracy_train": 70.91851851851851, "accuracy_validation": 70.08333333333333, "loss_train": 0.8030036671854139, "cost_validation": 0.8780444310149097, "epochs": 39, "_timestamp": 1677851640.5473335, "_runtime": 154.20807147026062, "_step": 39, "_wandb": {"runtime": 153}}