{"accuracy_train": 18.437037037037037, "accuracy_validation": 17.433333333333334, "loss_train": 1.6297975666879243, "cost_validation": 1.6498966628768743, "epochs": 14, "_timestamp": 1678394050.5647607, "_runtime": 128.34233975410461, "_step": 14, "_wandb": {"runtime": 127}}