{"accuracy_train": 34.78148148148148, "accuracy_validation": 34.233333333333334, "loss_train": 1.4495398061074876, "cost_validation": 1.4533128381496763, "epochs": 39, "_timestamp": 1677853918.0223134, "_runtime": 307.43642139434814, "_step": 39, "_wandb": {"runtime": 306}}