{"accuracy_train": 48.38333333333333, "accuracy_validation": 47.483333333333334, "loss_train": 6.286425925925926, "cost_validation": 6.3068333333333335, "epochs": 19, "_timestamp": 1677973701.532895, "_runtime": 41.90859508514404, "_step": 19, "_wandb": {"runtime": 41}}