{"accuracy_train": 55.26851851851852, "accuracy_validation": 53.91666666666667, "loss_train": 1.421000892771586, "cost_validation": 1.4534887273419417, "epochs": 39, "_timestamp": 1678269394.7812557, "_runtime": 53.16676568984985, "_step": 39, "_wandb": {"runtime": 52}}