{"accuracy_train": 87.75, "accuracy_validation": 85.58333333333333, "loss_train": 0.33512921667501705, "cost_validation": 0.4064000181592966, "epochs": 19, "_timestamp": 1678385814.1785855, "_runtime": 141.47304463386536, "_step": 19, "_wandb": {"runtime": 140}}