{"accuracy_train": 84.74444444444444, "accuracy_validation": 83.73333333333333, "loss_train": 0.43675060942926536, "cost_validation": 0.45860271866446195, "epochs": 39, "_timestamp": 1677975434.9971154, "_runtime": 1173.0963532924652, "_step": 39, "_wandb": {"runtime": 1172}}