{"accuracy_train": 89.01296296296296, "accuracy_validation": 85.36666666666667, "loss_train": 0.462617133022995, "cost_validation": 0.7740920301464476, "epochs": 19, "_timestamp": 1678355465.5169795, "_runtime": 191.87607550621033, "_step": 19, "_wandb": {"runtime": 191}}