{"accuracy_train": 26.45925925925926, "accuracy_validation": 26.650000000000002, "loss_train": 2.2872662139107005, "cost_validation": 2.2704096990475993, "epochs": 39, "_timestamp": 1677978162.1272023, "_runtime": 61.71415328979492, "_step": 39, "_wandb": {"runtime": 61}}