{"accuracy_train": 15.592592592592592, "accuracy_validation": 15.116666666666667, "loss_train": 21.46832275910917, "cost_validation": 21.602387801061525, "epochs": 19, "_timestamp": 1678259397.0421863, "_runtime": 48.97439217567444, "_step": 19, "_wandb": {"runtime": 48}}