{"accuracy_train": 38.91481481481481, "accuracy_validation": 38.4, "loss_train": 13.177204843596693, "cost_validation": 13.357632330941868, "epochs": 9, "_timestamp": 1678278087.3144777, "_runtime": 28.327892780303955, "_step": 9, "_wandb": {"runtime": 27}}