{"accuracy_train": 63.97037037037037, "accuracy_validation": 63.4, "loss_train": 0.9441947617255558, "cost_validation": 0.947048340612004, "epochs": 9, "_timestamp": 1677828746.49934, "_runtime": 134.16453909873962, "_step": 9, "_wandb": {"runtime": 133}}