{"accuracy_train": 84.39074074074074, "accuracy_validation": 82.25, "loss_train": 0.4656431033622663, "cost_validation": 0.6008262256291614, "epochs": 19, "_timestamp": 1678402153.0703585, "_runtime": 169.48467254638672, "_step": 19, "_wandb": {"runtime": 169}}