{"accuracy_train": 81.12777777777778, "accuracy_validation": 80.01666666666667, "loss_train": 0.5292336168300983, "cost_validation": 0.5612890043347973, "epochs": 9, "_timestamp": 1677825596.8100245, "_runtime": 71.14699053764343, "_step": 9, "_wandb": {"runtime": 69}}