{"accuracy_train": 88.90740740740742, "accuracy_validation": 86.75, "loss_train": 0.31500835165315755, "cost_validation": 0.43335615760533897, "epochs": 9, "_timestamp": 1678105027.3996224, "_runtime": 101.43825054168701, "_step": 9, "_wandb": {"runtime": 100}}