{"accuracy_train": 61.62962962962963, "accuracy_validation": 60.6, "loss_train": 1.0819799401697456, "cost_validation": 1.1390517599166023, "epochs": 19, "_timestamp": 1677848598.6148403, "_runtime": 71.1316442489624, "_step": 19, "_wandb": {"runtime": 70}}