{"accuracy_train": 84.77777777777777, "accuracy_validation": 83.05, "loss_train": 0.4175501073040241, "cost_validation": 0.4593658265430665, "epochs": 19, "_timestamp": 1678029747.4490533, "_runtime": 399.6184492111206, "_step": 19, "_wandb": {"runtime": 399}}