{"accuracy_train": 91.4074074074074, "accuracy_validation": 87.3, "loss_train": 0.23699558861145195, "cost_validation": 0.5034877235593525, "epochs": 39, "_timestamp": 1678137212.6989338, "_runtime": 171.32782292366028, "_step": 39, "_wandb": {"runtime": 171}}