{"accuracy_train": 29.062962962962963, "accuracy_validation": 28.066666666666666, "loss_train": 2.880073900421645, "cost_validation": 2.9289852007225043, "epochs": 19, "_timestamp": 1678261043.3841004, "_runtime": 88.72981452941895, "_step": 19, "_wandb": {"runtime": 88}}