{"accuracy_train": 74.01296296296296, "accuracy_validation": 73.35000000000001, "loss_train": 0.8185677675552374, "cost_validation": 0.8594465562264697, "epochs": 19, "_timestamp": 1678024123.296732, "_runtime": 70.5527880191803, "_step": 19, "_wandb": {"runtime": 70}}