{"accuracy_train": 88.1962962962963, "accuracy_validation": 85.41666666666666, "loss_train": 0.4206452173711219, "cost_validation": 0.6860006336581449, "epochs": 19, "_timestamp": 1678373416.4324355, "_runtime": 576.1255114078522, "_step": 19, "_wandb": {"runtime": 575}}