{"accuracy_train": 91.51666666666667, "accuracy_validation": 85.41666666666666, "loss_train": NaN, "cost_validation": NaN, "epochs": 39, "_timestamp": 1678112734.6238158, "_runtime": 1706.825603723526, "_step": 39, "_wandb": {"runtime": 1706}}