{"accuracy_train": 87.73333333333333, "accuracy_validation": 85.36666666666667, "loss_train": 0.3367804090252496, "cost_validation": 0.41749931870577717, "epochs": 19, "_timestamp": 1678406078.2976658, "_runtime": 139.7766077518463, "_step": 19, "_wandb": {"runtime": 139}}