{"accuracy_train": 88.02222222222223, "accuracy_validation": 85.83333333333333, "loss_train": 0.3271609390717457, "cost_validation": 0.3981334378794442, "epochs": 14, "_timestamp": 1678401753.3213406, "_runtime": 97.90069365501404, "_step": 14, "_wandb": {"runtime": 97}}