{"accuracy_train": 10.005555555555555, "accuracy_validation": 9.950000000000001, "loss_train": NaN, "cost_validation": NaN, "epochs": 39, "_timestamp": 1677774445.2955804, "_runtime": 121.48702549934387, "_step": 39, "_wandb": {"runtime": 120}}