{"accuracy_train": 10.887037037037036, "accuracy_validation": 10.65, "loss_train": 8.950329171666857, "cost_validation": 10.720596050650151, "epochs": 19, "_timestamp": 1677754632.8303933, "_runtime": 50.28536319732666, "_step": 19, "_wandb": {"runtime": 51}}