{"accuracy_train": 67.74444444444444, "accuracy_validation": 67.55, "loss_train": 0.8719788086725608, "cost_validation": 0.8766734924545311, "epochs": 39, "_timestamp": 1678271987.4862552, "_runtime": 179.67048525810242, "_step": 39, "_wandb": {"runtime": 178}}