{"accuracy_train": 84.24259259259259, "accuracy_validation": 82.56666666666666, "loss_train": 0.4712367089138915, "cost_validation": 0.5113336979338922, "epochs": 9, "_timestamp": 1678100389.6138375, "_runtime": 174.83863258361816, "_step": 9, "_wandb": {"runtime": 174}}