{"accuracy_train": 89.54444444444445, "accuracy_validation": 86.2, "loss_train": 0.2978801168873828, "cost_validation": 0.48322322336275364, "epochs": 9, "_timestamp": 1678355259.1933, "_runtime": 232.49190497398376, "_step": 9, "_wandb": {"runtime": 231}}