{"accuracy_train": 84.20185185185186, "accuracy_validation": 82.19999999999999, "loss_train": 0.46265018343391595, "cost_validation": 0.5426508647805218, "epochs": 19, "_timestamp": 1678025363.6956673, "_runtime": 77.38632917404175, "_step": 19, "_wandb": {"runtime": 77}}