{"accuracy_train": 63.27962962962963, "accuracy_validation": 61.81666666666666, "loss_train": 1.0014482564290872, "cost_validation": 1.0224970548914394, "epochs": 39, "_timestamp": 1677846948.309373, "_runtime": 1171.1604549884796, "_step": 39, "_wandb": {"runtime": 1170}}