{"accuracy_train": 81.33148148148149, "accuracy_validation": 80.28333333333333, "loss_train": 0.5092888545244859, "cost_validation": 0.543337593693791, "epochs": 19, "_timestamp": 1678351206.356637, "_runtime": 328.43944811820984, "_step": 19, "_wandb": {"runtime": 327}}