{"accuracy_train": 83.95, "accuracy_validation": 80.78333333333333, "loss_train": 0.5792628908592171, "cost_validation": 0.9022952570355255, "epochs": 19, "_timestamp": 1678351299.8319452, "_runtime": 57.87080121040344, "_step": 19, "_wandb": {"runtime": 57}}