{"accuracy_train": 65.35740740740741, "accuracy_validation": 65.33333333333333, "loss_train": 1.0347235095825909, "cost_validation": 1.0300110535858749, "epochs": 19, "_timestamp": 1678261723.293184, "_runtime": 71.98455715179443, "_step": 19, "_wandb": {"runtime": 71}}