{"accuracy_train": 83.23888888888888, "accuracy_validation": 82.46666666666667, "loss_train": 0.47468935780362875, "cost_validation": 0.4920755856047134, "epochs": 19, "_timestamp": 1677972403.559586, "_runtime": 40.10034894943237, "_step": 19, "_wandb": {"runtime": 39}}