{"accuracy_train": 86.82037037037037, "accuracy_validation": 85.16666666666667, "loss_train": 0.36332002178728734, "cost_validation": 0.4176780075176437, "epochs": 9, "_timestamp": 1678026395.845761, "_runtime": 122.86646294593811, "_step": 9, "_wandb": {"runtime": 122}}