{"accuracy_train": 67.76111111111112, "accuracy_validation": 66.68333333333332, "loss_train": 0.9116028343651533, "cost_validation": 0.9269642842464018, "epochs": 19, "_timestamp": 1678019391.176437, "_runtime": 39.95321083068848, "_step": 19, "_wandb": {"runtime": 39}}