{"accuracy_train": 69.30925925925926, "accuracy_validation": 69.0, "loss_train": 0.8150929380464856, "cost_validation": 0.832674718371586, "epochs": 39, "_timestamp": 1677850604.7121232, "_runtime": 72.55350112915039, "_step": 39, "_wandb": {"runtime": 71}}