{"accuracy_train": 99.06481481481481, "accuracy_validation": 96.0, "loss_train": 0.034973452973896764, "cost_validation": 0.20462147601271877, "epochs": 19, "_timestamp": 1678433721.229266, "_runtime": 147.7177848815918, "_step": 19, "_wandb": {"runtime": 146}}