{"accuracy_train": 51.97962962962963, "accuracy_validation": 51.483333333333334, "loss_train": 2.3335528503964147, "cost_validation": 2.320287754854063, "epochs": 19, "_timestamp": 1678275062.6887693, "_runtime": 42.40334725379944, "_step": 19, "_wandb": {"runtime": 41}}