{"accuracy_train": 84.66111111111111, "accuracy_validation": 84.08333333333333, "loss_train": 0.4390864746244996, "cost_validation": 0.4484196212361297, "epochs": 19, "_timestamp": 1678261259.3630142, "_runtime": 41.85995030403137, "_step": 19, "_wandb": {"runtime": 41}}