{"accuracy_train": 73.96666666666667, "accuracy_validation": 72.93333333333332, "loss_train": 0.7117898188587064, "cost_validation": 0.7640594493053853, "epochs": 19, "_timestamp": 1677868164.6516745, "_runtime": 56.62033247947693, "_step": 19, "_wandb": {"runtime": 56}}