{"accuracy_train": 81.41851851851852, "accuracy_validation": 80.10000000000001, "loss_train": 0.5347087109533232, "cost_validation": 0.570718835236879, "epochs": 14, "_timestamp": 1678399976.6424232, "_runtime": 226.09884023666382, "_step": 14, "_wandb": {"runtime": 225}}