{"accuracy_train": 89.23333333333333, "accuracy_validation": 85.13333333333334, "loss_train": 0.32057319444367394, "cost_validation": 0.5156381839263475, "epochs": 39, "_timestamp": 1677872794.0023463, "_runtime": 99.99636316299438, "_step": 39, "_wandb": {"runtime": 99}}