{"accuracy_train": 19.29074074074074, "accuracy_validation": 19.45, "loss_train": 11.89437037037037, "cost_validation": 11.928333333333333, "epochs": 9, "_timestamp": 1677996257.1125805, "_runtime": 26.02469253540039, "_step": 9, "_wandb": {"runtime": 25}}