{"accuracy_train": 34.08333333333333, "accuracy_validation": 33.83333333333333, "loss_train": NaN, "cost_validation": NaN, "epochs": 19, "_timestamp": 1677995909.4648623, "_runtime": 94.85682439804077, "_step": 19, "_wandb": {"runtime": 94}}