{"accuracy_train": 72.3462962962963, "accuracy_validation": 72.63333333333334, "loss_train": 2.0153549694620136, "cost_validation": 2.069027963434406, "epochs": 19, "_timestamp": 1678264282.207662, "_runtime": 39.53506016731262, "_step": 19, "_wandb": {"runtime": 39}}