{"accuracy_train": 81.0074074074074, "accuracy_validation": 80.15, "loss_train": 0.6299839928331649, "cost_validation": 0.6631234555938657, "epochs": 9, "_timestamp": 1678384568.6252854, "_runtime": 78.77598547935486, "_step": 9, "_wandb": {"runtime": 78}}