{"accuracy_train": 11.225925925925925, "accuracy_validation": 11.333333333333332, "loss_train": 2.3073552368198214, "cost_validation": 2.308642907325126, "epochs": 9, "_timestamp": 1678550574.8020396, "_runtime": 259.8505005836487, "_step": 9, "_wandb": {"runtime": 259}}