{"accuracy_train": 89.94814814814815, "accuracy_validation": 90.2, "loss_train": 0.33266030398838026, "cost_validation": 0.328697411836605, "epochs": 9, "_timestamp": 1678549716.6253955, "_runtime": 237.19058847427368, "_step": 9, "_wandb": {"runtime": 236}}