{"accuracy_train": 10.005555555555555, "accuracy_validation": 9.950000000000001, "loss_train": NaN, "cost_validation": NaN, "epochs": 39, "_timestamp": 1677762816.0748718, "_runtime": 123.38448071479797, "_step": 39, "_wandb": {"runtime": 122}}