{"accuracy_train": 72.07592592592592, "accuracy_validation": 71.51666666666667, "loss_train": 0.8121553782313047, "cost_validation": 0.851579054407367, "epochs": 19, "_timestamp": 1677872491.5981915, "_runtime": 53.82709360122681, "_step": 19, "_wandb": {"runtime": 53}}