{"accuracy_train": 86.32222222222222, "accuracy_validation": 84.63333333333334, "loss_train": 0.38607981209373443, "cost_validation": 0.5340677009744275, "epochs": 19, "_timestamp": 1678389352.701314, "_runtime": 116.52850389480591, "_step": 19, "_wandb": {"runtime": 116}}