{"accuracy_train": 87.07777777777778, "accuracy_validation": 85.41666666666666, "loss_train": 0.36003312297406576, "cost_validation": 0.40052823439540197, "epochs": 19, "_timestamp": 1678270367.920785, "_runtime": 335.75113701820374, "_step": 19, "_wandb": {"runtime": 335}}