{"accuracy_train": 40.13888888888889, "accuracy_validation": 40.699999999999996, "loss_train": 1.4926815225073609, "cost_validation": 1.4683905256981915, "epochs": 9, "_timestamp": 1677828137.5446, "_runtime": 799.0752429962158, "_step": 9, "_wandb": {"runtime": 798}}