{"accuracy_train": 26.096296296296295, "accuracy_validation": 25.5, "loss_train": 2.262133134111243, "cost_validation": 2.2649884601360952, "epochs": 39, "_timestamp": 1678263344.120706, "_runtime": 87.43019604682922, "_step": 39, "_wandb": {"runtime": 87}}