{"accuracy_train": 87.94444444444444, "accuracy_validation": 85.98333333333333, "loss_train": 0.3334458053303149, "cost_validation": 0.3869204891533692, "epochs": 19, "_timestamp": 1678023094.3401954, "_runtime": 120.38664746284485, "_step": 19, "_wandb": {"runtime": 120}}