{"accuracy_train": 89.45185185185184, "accuracy_validation": 86.18333333333334, "loss_train": 0.2943642311446882, "cost_validation": 0.4640730448604408, "epochs": 9, "_timestamp": 1678389037.3012156, "_runtime": 89.2984766960144, "_step": 9, "_wandb": {"runtime": 88}}