{"accuracy_train": 17.994444444444444, "accuracy_validation": 18.48333333333333, "loss_train": 3.0650567302167504, "cost_validation": 3.046802304278055, "epochs": 9, "_timestamp": 1678276269.3624845, "_runtime": 20.62845540046692, "_step": 9, "_wandb": {"runtime": 20}}