{"accuracy_train": 69.26851851851852, "accuracy_validation": 67.85, "loss_train": 0.8370880234912792, "cost_validation": 0.8534099202509601, "epochs": 19, "_timestamp": 1677858585.417301, "_runtime": 67.49071884155273, "_step": 19, "_wandb": {"runtime": 66}}