{"accuracy_train": 85.35000000000001, "accuracy_validation": 83.7, "loss_train": 0.41766889253518724, "cost_validation": 0.4579568097480495, "epochs": 39, "_timestamp": 1678268478.7613225, "_runtime": 123.6667275428772, "_step": 39, "_wandb": {"runtime": 123}}