{"accuracy_train": 75.80185185185185, "accuracy_validation": 74.46666666666667, "loss_train": 0.6287508635242446, "cost_validation": 0.6432985405986608, "epochs": 9, "_timestamp": 1678274861.231429, "_runtime": 22.069184064865112, "_step": 9, "_wandb": {"runtime": 21}}