{"accuracy_train": 75.71666666666667, "accuracy_validation": 74.63333333333333, "loss_train": 0.7272276376856068, "cost_validation": 0.7455240882564736, "epochs": 9, "_timestamp": 1678272701.193373, "_runtime": 170.714457988739, "_step": 9, "_wandb": {"runtime": 170}}