{"accuracy_train": 9.97962962962963, "accuracy_validation": 10.183333333333334, "loss_train": 2.3121518183106353, "cost_validation": 2.3123014882212787, "epochs": 19, "_timestamp": 1677841998.1181538, "_runtime": 120.63858985900879, "_step": 19, "_wandb": {"runtime": 120}}