{"accuracy_train": 83.5537037037037, "accuracy_validation": 82.1, "loss_train": 0.5241377790716122, "cost_validation": 0.5692221829037469, "epochs": 9, "_timestamp": 1678349994.0024607, "_runtime": 41.33319664001465, "_step": 9, "_wandb": {"runtime": 40}}