{"accuracy_train": 9.964814814814815, "accuracy_validation": 10.316666666666666, "loss_train": 2.3029368822184133, "cost_validation": 2.3023419791232347, "epochs": 19, "_timestamp": 1677772778.1531806, "_runtime": 480.7536826133728, "_step": 19, "_wandb": {"runtime": 479}}