{"accuracy_train": 61.81666666666666, "accuracy_validation": 60.86666666666667, "loss_train": 1.2121254049065058, "cost_validation": 1.2242275547840626, "epochs": 39, "_timestamp": 1678277339.3849895, "_runtime": 227.8128445148468, "_step": 39, "_wandb": {"runtime": 227}}