{"accuracy_train": 63.088888888888896, "accuracy_validation": 62.133333333333326, "loss_train": 1.3920200947472412, "cost_validation": 1.424350317159482, "epochs": 9, "_timestamp": 1677748524.7729669, "_runtime": 38.94828176498413, "_step": 9, "_wandb": {"runtime": 38}}