{"accuracy_train": 21.9, "accuracy_validation": 21.85, "loss_train": 11.737907407407407, "cost_validation": 11.743333333333332, "epochs": 19, "_timestamp": 1677972088.7330222, "_runtime": 36.290308237075806, "_step": 19, "_wandb": {"runtime": 36}}