{"accuracy_train": 89.93333333333334, "accuracy_validation": 86.71666666666667, "loss_train": 0.28612207668349243, "cost_validation": 0.4720499774975612, "epochs": 19, "_timestamp": 1678392229.9888034, "_runtime": 164.1907114982605, "_step": 19, "_wandb": {"runtime": 163}}