{"accuracy_train": 86.10555555555555, "accuracy_validation": 83.76666666666667, "loss_train": 0.4084739910629194, "cost_validation": 0.5936695082295896, "epochs": 19, "_timestamp": 1678390203.8350897, "_runtime": 365.3827745914459, "_step": 19, "_wandb": {"runtime": 364}}