{"accuracy_train": 60.611111111111114, "accuracy_validation": 60.03333333333334, "loss_train": 1.0284391605924657, "cost_validation": 1.0297722375115441, "epochs": 19, "_timestamp": 1677973895.691878, "_runtime": 62.571189165115356, "_step": 19, "_wandb": {"runtime": 62}}