{"accuracy_train": 90.07222222222222, "accuracy_validation": 87.03333333333333, "loss_train": 0.27269674458315907, "cost_validation": 0.4258769009072905, "epochs": 19, "_timestamp": 1678136338.7797322, "_runtime": 81.77000212669373, "_step": 19, "_wandb": {"runtime": 81}}