{"accuracy_train": 89.00185185185185, "accuracy_validation": 86.2, "loss_train": 0.2998315060962039, "cost_validation": 0.37400946397287727, "epochs": 14, "_timestamp": 1678424365.8312008, "_runtime": 62.0009548664093, "_step": 14, "_wandb": {"runtime": 61}}