{"accuracy_train": 59.88148148148148, "accuracy_validation": 58.916666666666664, "loss_train": 1.3317920195368396, "cost_validation": 1.3409685169276302, "epochs": 9, "_timestamp": 1678275008.2342455, "_runtime": 137.046692609787, "_step": 9, "_wandb": {"runtime": 136}}