{"accuracy_train": 78.55, "accuracy_validation": 77.4, "loss_train": 0.6559371251196628, "cost_validation": 0.6817927157087683, "epochs": 9, "_timestamp": 1678353846.199428, "_runtime": 55.46017408370972, "_step": 9, "_wandb": {"runtime": 54}}