{"accuracy_train": 78.73703703703704, "accuracy_validation": 77.7, "loss_train": 0.5628341640989768, "cost_validation": 0.5810262222304244, "epochs": 39, "_timestamp": 1677872416.8631415, "_runtime": 113.87481355667114, "_step": 39, "_wandb": {"runtime": 113}}