{"accuracy_train": 60.30555555555556, "accuracy_validation": 59.03333333333334, "loss_train": 1.0032199243969182, "cost_validation": 1.0214823361752816, "epochs": 9, "_timestamp": 1677831294.821654, "_runtime": 53.61475110054016, "_step": 9, "_wandb": {"runtime": 52}}