{"accuracy_train": 87.63703703703703, "accuracy_validation": 85.66666666666667, "loss_train": 0.33696049399193184, "cost_validation": 0.3948074912754782, "epochs": 19, "_timestamp": 1678025274.7476013, "_runtime": 228.16224026679993, "_step": 19, "_wandb": {"runtime": 227}}