{"accuracy_train": 81.15555555555557, "accuracy_validation": 80.36666666666666, "loss_train": 0.5012535994786574, "cost_validation": 0.5254699894276358, "epochs": 9, "_timestamp": 1678407137.0649326, "_runtime": 97.34108448028564, "_step": 9, "_wandb": {"runtime": 96}}