{"accuracy_train": 42.62777777777777, "accuracy_validation": 42.333333333333336, "loss_train": 1.8377300548092277, "cost_validation": 1.8395989819780425, "epochs": 39, "_timestamp": 1678280443.0251265, "_runtime": 52.128172397613525, "_step": 39, "_wandb": {"runtime": 51}}