{"accuracy_train": 87.58703703703704, "accuracy_validation": 85.45, "loss_train": 0.33993075024930597, "cost_validation": 0.40015996164809625, "epochs": 19, "_timestamp": 1678103313.2525296, "_runtime": 720.0604095458984, "_step": 19, "_wandb": {"runtime": 719}}