{"accuracy_train": 78.7425925925926, "accuracy_validation": 77.5, "loss_train": 2.5275579945220117, "cost_validation": 2.648688617364772, "epochs": 9, "_timestamp": 1678015500.2163095, "_runtime": 31.4543354511261, "_step": 9, "_wandb": {"runtime": 31}}