{"accuracy_train": 91.51666666666667, "accuracy_validation": 85.41666666666666, "loss_train": NaN, "cost_validation": NaN, "epochs": 39, "_timestamp": 1678130278.9739656, "_runtime": 2141.7764525413513, "_step": 39, "_wandb": {"runtime": 2141}}