{"accuracy_train": 53.32592592592592, "accuracy_validation": 53.38333333333334, "loss_train": 1.0865029079311586, "cost_validation": 1.0978703317813572, "epochs": 9, "_timestamp": 1677829159.120422, "_runtime": 187.55769085884094, "_step": 9, "_wandb": {"runtime": 187}}