{"accuracy_train": 87.16481481481482, "accuracy_validation": 84.7, "loss_train": 0.3683685655252196, "cost_validation": 0.5598364609814626, "epochs": 19, "_timestamp": 1678389819.113319, "_runtime": 297.8772268295288, "_step": 19, "_wandb": {"runtime": 297}}