{"accuracy_train": 65.55185185185185, "accuracy_validation": 64.56666666666668, "loss_train": 0.8988334828680908, "cost_validation": 0.9222849327949568, "epochs": 9, "_timestamp": 1678050609.4560356, "_runtime": 68.16122364997864, "_step": 9, "_wandb": {"runtime": 67}}