{"accuracy_train": 88.1537037037037, "accuracy_validation": 86.26666666666667, "loss_train": 0.32751254991228596, "cost_validation": 0.3789229492443033, "epochs": 9, "_timestamp": 1678398300.8791087, "_runtime": 59.063257694244385, "_step": 9, "_wandb": {"runtime": 58}}