{"accuracy_train": 87.89444444444445, "accuracy_validation": 85.48333333333333, "loss_train": 0.33163492184138144, "cost_validation": 0.5064804069117281, "epochs": 19, "_timestamp": 1677995163.8861427, "_runtime": 88.17812871932983, "_step": 19, "_wandb": {"runtime": 87}}