{"accuracy_train": 29.948148148148146, "accuracy_validation": 29.366666666666667, "loss_train": 1.9786757894761224, "cost_validation": 1.9818605657249988, "epochs": 39, "_timestamp": 1678267654.5873804, "_runtime": 45.883631467819214, "_step": 39, "_wandb": {"runtime": 45}}