{"accuracy_train": 85.08333333333333, "accuracy_validation": 82.71666666666667, "loss_train": 0.8117158317023961, "cost_validation": 1.1407986910341168, "epochs": 19, "_timestamp": 1678344431.695824, "_runtime": 402.12691497802734, "_step": 19, "_wandb": {"runtime": 401}}