{"accuracy_train": 17.822222222222223, "accuracy_validation": 18.21666666666667, "loss_train": 2.0930144325537787, "cost_validation": 2.107757230641932, "epochs": 39, "_timestamp": 1678265277.830318, "_runtime": 298.2760810852051, "_step": 39, "_wandb": {"runtime": 298}}