{"accuracy_train": 86.47222222222221, "accuracy_validation": 84.01666666666667, "loss_train": 0.37416924806895957, "cost_validation": 0.49121565082839475, "epochs": 19, "_timestamp": 1678035421.6483097, "_runtime": 3957.0559186935425, "_step": 19, "_wandb": {"runtime": 3956}}