{"accuracy_train": 53.75, "accuracy_validation": 53.05, "loss_train": 1.328863069744, "cost_validation": 1.3562474570921623, "epochs": 19, "_timestamp": 1677995456.2638628, "_runtime": 34.946380853652954, "_step": 19, "_wandb": {"runtime": 34}}