{"accuracy_train": 73.13518518518518, "accuracy_validation": 72.18333333333334, "loss_train": 0.7092580558382716, "cost_validation": 0.7164030438265374, "epochs": 9, "_timestamp": 1677850914.3154056, "_runtime": 38.25579071044922, "_step": 9, "_wandb": {"runtime": 37}}