{"accuracy_train": 87.26851851851852, "accuracy_validation": 85.15, "loss_train": 0.361223831327403, "cost_validation": 0.4688595512628562, "epochs": 14, "_timestamp": 1678399403.3814147, "_runtime": 78.62013173103333, "_step": 14, "_wandb": {"runtime": 78}}