{"accuracy_train": 67.45925925925927, "accuracy_validation": 66.45, "loss_train": 0.9170226987666362, "cost_validation": 0.9707797061811735, "epochs": 19, "_timestamp": 1677854831.9615486, "_runtime": 125.34537959098816, "_step": 19, "_wandb": {"runtime": 124}}