{"accuracy_train": 33.81296296296296, "accuracy_validation": 33.31666666666667, "loss_train": 1.543910498387414, "cost_validation": 1.5427074097773477, "epochs": 39, "_timestamp": 1677851467.1520863, "_runtime": 223.54846119880676, "_step": 39, "_wandb": {"runtime": 222}}