{"accuracy_train": 98.1537037037037, "accuracy_validation": 96.2, "loss_train": 0.0686019585943336, "cost_validation": 0.1741211138854406, "epochs": 9, "_timestamp": 1678434200.0297039, "_runtime": 116.90356588363647, "_step": 9, "_wandb": {"runtime": 116}}