{"accuracy_train": 10.031481481481482, "accuracy_validation": 9.716666666666667, "loss_train": 2.3066919332671296, "cost_validation": 2.3068376565671493, "epochs": 39, "_timestamp": 1677847368.4281876, "_runtime": 329.0271065235138, "_step": 39, "_wandb": {"runtime": 328}}