{"accuracy_train": 95.73148148148148, "accuracy_validation": 94.08333333333333, "loss_train": 0.1512266946066682, "cost_validation": 0.21338855866079848, "epochs": 2, "_timestamp": 1678444254.8291545, "_runtime": 42.14888048171997, "_step": 2, "_wandb": {"runtime": 48}}