{"accuracy_train": 85.44074074074074, "accuracy_validation": 83.66666666666667, "loss_train": 0.42781752276687995, "cost_validation": 0.4780064030202067, "epochs": 9, "_timestamp": 1678354376.4045985, "_runtime": 26.166245460510254, "_step": 9, "_wandb": {"runtime": 25}}