{"accuracy_train": 84.27222222222223, "accuracy_validation": 83.11666666666667, "loss_train": 0.49675582839944166, "cost_validation": 0.547541402108147, "epochs": 9, "_timestamp": 1678369877.2852137, "_runtime": 391.9580297470093, "_step": 9, "_wandb": {"runtime": 390}}