{"accuracy_train": 87.90740740740742, "accuracy_validation": 85.28333333333333, "loss_train": 0.4690272074085899, "cost_validation": 0.655418803272295, "epochs": 19, "_timestamp": 1678347925.8908143, "_runtime": 90.66797423362732, "_step": 19, "_wandb": {"runtime": 90}}