{"accuracy_train": 87.39074074074074, "accuracy_validation": 85.58333333333333, "loss_train": 0.36141603249930826, "cost_validation": 0.4704516799732307, "epochs": 14, "_timestamp": 1678399485.560596, "_runtime": 69.22833609580994, "_step": 14, "_wandb": {"runtime": 68}}