{"accuracy_train": 82.65370370370371, "accuracy_validation": 81.48333333333333, "loss_train": 0.49010375104408843, "cost_validation": 0.5186755260551427, "epochs": 19, "_timestamp": 1677974248.0046647, "_runtime": 56.40979361534119, "_step": 19, "_wandb": {"runtime": 56}}