{"accuracy_train": 87.80185185185185, "accuracy_validation": 85.93333333333332, "loss_train": 0.33126614467145954, "cost_validation": 0.3953203594038522, "epochs": 19, "_timestamp": 1678405642.969238, "_runtime": 116.58708810806274, "_step": 19, "_wandb": {"runtime": 110}}