{"accuracy_train": 87.86481481481482, "accuracy_validation": 86.1, "loss_train": 0.33452866076109466, "cost_validation": 0.3847311019341323, "epochs": 9, "_timestamp": 1678407227.1508663, "_runtime": 32.500903367996216, "_step": 9, "_wandb": {"runtime": 31}}