{"accuracy_train": 26.572222222222226, "accuracy_validation": 25.416666666666664, "loss_train": 1.6772238633496157, "cost_validation": 1.6884538459851164, "epochs": 9, "_timestamp": 1677769921.9406478, "_runtime": 187.08933973312378, "_step": 9, "_wandb": {"runtime": 186}}