{"accuracy_train": 88.72592592592594, "accuracy_validation": 86.03333333333333, "loss_train": 0.30482694187365844, "cost_validation": 0.378683900813885, "epochs": 14, "_timestamp": 1678424291.5436287, "_runtime": 73.87789463996887, "_step": 14, "_wandb": {"runtime": 73}}