{"accuracy_train": 48.794444444444444, "accuracy_validation": 47.833333333333336, "loss_train": 1.175537765450174, "cost_validation": 1.186286189954726, "epochs": 9, "_timestamp": 1678028187.431127, "_runtime": 227.1070191860199, "_step": 9, "_wandb": {"runtime": 226}}