{"accuracy_train": 38.38148148148149, "accuracy_validation": 37.25, "loss_train": 1.465752837177767, "cost_validation": 1.4795381370607674, "epochs": 9, "_timestamp": 1677830827.790651, "_runtime": 231.4055151939392, "_step": 9, "_wandb": {"runtime": 230}}