{"accuracy_train": 88.21851851851852, "accuracy_validation": 83.8, "loss_train": 0.3281171927121242, "cost_validation": 0.6982283313868938, "epochs": 19, "_timestamp": 1678343187.954266, "_runtime": 216.5427041053772, "_step": 19, "_wandb": {"runtime": 216}}