{"accuracy_train": 82.52777777777777, "accuracy_validation": 81.86666666666666, "loss_train": 0.4939124115338647, "cost_validation": 0.5153296044789798, "epochs": 9, "_timestamp": 1678356352.4827712, "_runtime": 55.24292206764221, "_step": 9, "_wandb": {"runtime": 54}}