{"accuracy_train": 80.06851851851852, "accuracy_validation": 78.83333333333333, "loss_train": 0.5841802592356501, "cost_validation": 0.6166627838875053, "epochs": 19, "_timestamp": 1678036997.4251747, "_runtime": 555.5260617733002, "_step": 19, "_wandb": {"runtime": 555}}