{"accuracy_train": 59.88888888888889, "accuracy_validation": 59.416666666666664, "loss_train": 1.0182711083517169, "cost_validation": 1.010357266537237, "epochs": 9, "_timestamp": 1677774189.8240187, "_runtime": 468.04792976379395, "_step": 9, "_wandb": {"runtime": 467}}