{"accuracy_train": 66.11481481481482, "accuracy_validation": 65.66666666666666, "loss_train": 3.7636666666666665, "cost_validation": 3.7006666666666663, "epochs": 9, "_timestamp": 1677978836.2434487, "_runtime": 32.72444462776184, "_step": 9, "_wandb": {"runtime": 32}}