{"accuracy_train": 77.2, "accuracy_validation": 76.03333333333333, "loss_train": 0.5996433670498879, "cost_validation": 0.6255728174621316, "epochs": 6, "_timestamp": 1678340482.513759, "_runtime": 123.4832329750061, "_step": 6, "_wandb": {"runtime": 128}}