{"accuracy_train": 39.992592592592594, "accuracy_validation": 39.7, "loss_train": 1.447511442809997, "cost_validation": 1.4619027150089052, "epochs": 9, "_timestamp": 1677831086.6177926, "_runtime": 48.20801067352295, "_step": 9, "_wandb": {"runtime": 47}}