{"accuracy_train": 90.04444444444445, "accuracy_validation": 87.2, "loss_train": 0.273586462241663, "cost_validation": 0.41472609388580794, "epochs": 19, "_timestamp": 1678136444.4954238, "_runtime": 93.43861985206604, "_step": 19, "_wandb": {"runtime": 92}}