{"accuracy_train": 87.23518518518519, "accuracy_validation": 83.6, "loss_train": 0.358332187980304, "cost_validation": 0.5360907817654319, "epochs": 19, "_timestamp": 1678045266.25289, "_runtime": 784.364589214325, "_step": 19, "_wandb": {"runtime": 783}}